Name,English only,Spanish,French Creole,Yaddish,Italian,Portuguese,German,Greek,Russian,Polish,Serbo-Croatian,Armenian,Persian,Gujarati,Hindi,Urdu,Chinese,Japanese,Korean,Mon-Khmer,Hmong,Thai,Laotian,Vietnamese,Tagalog,Navajo,Hungarian,Arabic,Hebrew
Alabama,0.0,0.0,0.0,0.0,0.0,0.0,0.0,0.0,0.0,0.0,0.0,0.0,0.0,0.0,0.0,0.0,0.0,0.0,0.0,0.0,0.0,0.0,0.0,0.0,0.0,0.0,0.0,0.0,0.0
Alabama,1.38,21.59,29.68,26.09,-8.8,-0.08,-2.08,-3.59,-9.54,-24.72,15.14,-22.22,31.09,-3.37,8.71,7.04,6.16,6.84,7.52,-4.35,0.0,-13.58,-1.85,8.75,18.92,15.38,0.0,-4.91,56.92
Alabama,0.6,4.92,-48.42,-68.97,11.17,0.08,3.17,-13.03,-1.66,-14.96,-22.34,0.0,-10.9,31.01,-8.7,9.29,1.97,-15.58,6.35,-5.46,167.57,27.08,-19.69,9.48,15.75,-33.33,-12.34,-5.99,16.27
Alabama,0.52,3.24,15.36,122.22,-1.7,2.47,-2.57,4.4,-2.84,0.69,-6.18,71.43,-6.98,53.48,2.18,13.66,3.53,-13.83,6.87,14.99,61.62,-13.2,10.47,1.26,2.65,163.33,-2.22,4.13,-20.57
Alabama,0.48,1.55,-1.48,-10.0,-6.59,3.62,-0.31,4.56,4.5,31.51,33.24,108.33,-6.48,8.45,-0.06,9.75,8.71,-21.34,12.24,6.1,30.0,-0.84,16.58,7.92,2.98,21.52,9.85,19.78,-12.95
Alabama,0.49,-0.38,6.01,150.0,-5.44,6.19,-1.42,-1.85,15.4,13.28,-4.09,-32.0,-11.29,9.01,-10.72,9.88,3.21,-12.57,2.86,-21.2,2.4,19.32,27.59,1.62,2.57,35.42,-17.93,-0.24,14.88
Alabama,0.41,-0.31,97.73,6.67,-7.72,-12.68,-8.31,-25.64,5.62,1.84,-30.27,197.06,-15.18,-5.37,-0.76,11.43,-1.5,3.97,8.35,7.15,34.27,17.71,13.41,2.6,11.74,-4.62,90.76,5.21,-28.66
Alaska,0.0,0.0,0.0,0.0,0.0,0.0,0.0,0.0,0.0,0.0,0.0,0.0,0.0,0.0,0.0,0.0,0.0,0.0,0.0,0.0,0.0,0.0,0.0,0.0,0.0,0.0,0.0,0.0,0.0
Alaska,0.12,-1.27,-10.17,0.0,16.49,11.93,9.79,40.0,15.67,19.96,-28.87,16.67,-1.67,0.0,18.23,44.52,27.03,23.15,-1.1,47.28,61.51,12.92,14.87,6.98,15.2,-35.54,-17.05,37.0,21.33
Alaska,1.68,-0.98,-32.7,0.0,10.96,5.12,-6.69,-1.9,7.81,-32.34,-6.93,214.29,23.73,0.0,-24.23,-4.27,8.31,-9.32,7.89,0.0,46.21,8.8,-4.8,-2.9,-7.45,-19.63,23.29,-22.63,-0.55
Alaska,1.38,1.12,43.93,0.0,2.26,-43.0,0.29,7.77,-2.91,3.71,-69.15,-18.18,-23.97,0.0,13.95,-34.16,-1.97,13.62,-3.22,-32.1,22.63,-15.57,51.23,21.66,6.95,100.0,-14.44,22.83,-10.5
Alaska,1.33,-0.22,-22.08,0.0,-10.66,-0.71,-3.38,26.13,-0.87,-4.7,10.34,-83.33,-9.91,inf,47.96,104.51,17.39,-7.89,-2.14,11.41,15.37,32.34,13.88,-1.3,-3.59,-22.67,16.88,-40.4,48.77
Alaska,1.15,0.55,75.0,inf,-11.04,-24.37,-5.93,-8.57,8.31,19.25,293.75,0.0,-28.0,16.26,0.69,-61.4,8.75,9.13,6.22,16.59,16.87,-2.81,-4.15,-32.58,0.94,29.32,110.0,54.38,6.64
Alaska,0.75,4.47,-13.81,-25.0,-14.68,-22.75,-7.55,13.28,-0.75,-2.95,29.37,0.0,-2.78,-10.49,-20.21,-75.24,-7.65,-21.65,-2.89,-19.25,-0.91,4.28,-24.36,31.6,9.84,-12.21,-19.05,-7.51,3.89
Arizona,0.0,0.0,0.0,0.0,0.0,0.0,0.0,0.0,0.0,0.0,0.0,0.0,0.0,0.0,0.0,0.0,0.0,0.0,0.0,0.0,0.0,0.0,0.0,0.0,0.0,0.0,0.0,0.0,0.0
Arizona,0.36,-4.87,45.85,15.64,3.09,5.18,0.16,5.4,-6.09,-8.29,-5.11,30.57,-10.01,-4.98,5.97,4.52,10.5,-0.88,2.0,25.38,8.33,6.21,-19.63,6.71,13.44,-1.88,-5.04,12.64,22.17
Arizona,1.66,1.19,41.85,3.38,-0.58,3.61,0.73,8.88,-6.72,-6.63,1.76,-10.2,14.59,-2.64,-5.3,17.67,6.84,-5.75,13.61,-8.88,158.97,2.92,13.97,8.47,6.85,-0.69,-5.81,10.34,17.43
Arizona,1.56,0.87,-12.05,-0.47,0.75,26.85,-1.37,2.95,-6.71,-1.96,-9.17,-9.91,2.03,38.27,1.34,0.13,2.62,-4.57,1.93,22.52,68.32,-0.72,-18.11,0.18,1.22,-0.97,0.41,-2.14,18.82
Arizona,1.48,0.5,19.06,4.46,-4.14,5.01,0.98,-2.0,2.42,0.95,-1.73,-10.93,-1.97,-9.77,8.61,4.07,4.6,6.25,-4.02,1.53,37.65,6.45,-5.8,6.84,4.72,-1.26,-12.34,11.26,14.57
Arizona,1.38,1.73,21.96,-5.62,-1.3,-2.14,-2.82,3.38,11.45,-1.08,-2.76,4.48,0.59,2.93,-0.44,-0.59,-0.16,-1.39,-5.79,-9.29,-20.51,24.24,17.68,5.66,5.92,0.47,8.67,10.94,0.63
Arizona,1.31,1.61,-16.59,6.9,-10.11,-9.01,-0.26,0.51,9.32,1.61,-0.7,-36.83,11.62,0.74,13.05,-1.61,4.3,5.25,4.09,-0.43,36.02,0.68,-3.89,3.35,5.25,-1.47,-10.01,7.5,-11.76
Arkansas,0.0,0.0,0.0,0.0,0.0,0.0,0.0,0.0,0.0,0.0,0.0,0.0,0.0,0.0,0.0,0.0,0.0,0.0,0.0,0.0,0.0,0.0,0.0,0.0,0.0,0.0,0.0,0.0,0.0
Arkansas,1.07,7.57,73.21,-33.33,10.17,5.31,-9.94,-44.81,-24.17,13.7,-39.45,-23.53,-7.42,-35.48,36.75,-3.46,1.92,1.77,-8.09,0.0,37.49,-5.59,4.29,1.03,15.16,17.65,-10.19,-13.83,12.08
Arkansas,0.55,4.78,-23.71,-100.0,-1.08,27.66,6.81,3.76,-8.81,-2.61,4.88,215.38,2.24,19.17,9.6,2.73,21.62,2.04,-0.11,inf,-17.44,70.74,12.18,7.31,2.08,-10.0,21.62,-2.26,-82.53
Arkansas,0.6,2.43,0.0,0.0,-8.41,9.71,4.73,21.01,16.09,7.02,-20.27,-21.95,-9.09,38.69,24.08,-15.5,-10.33,-2.1,-13.94,496.0,-6.08,-4.77,-0.69,2.03,2.79,-5.56,-11.56,38.4,-27.66
Arkansas,0.54,1.53,25.68,0.0,-11.57,2.14,-9.17,-13.77,1.98,-1.56,-12.08,212.5,78.97,54.12,-0.28,3.8,27.39,-3.68,-1.24,83.22,-14.56,-0.23,-4.83,-3.02,12.66,17.65,-52.76,13.0,-26.47
Arkansas,0.63,-1.02,23.66,inf,-6.23,11.05,-0.84,-2.08,17.86,15.87,-7.58,-22.0,-1.54,20.39,0.57,40.45,14.13,-0.11,-14.08,6.23,-19.19,5.71,-4.17,3.49,0.62,0.0,-40.43,-9.76,-60.0
Arkansas,0.37,1.54,3.48,35.29,-12.96,-30.62,-3.2,33.33,20.92,42.19,47.69,-2.56,2.35,0.72,0.14,37.98,13.25,5.21,10.75,22.07,12.19,45.14,-17.89,9.62,-8.26,0.0,-8.93,1.27,20.0
California,0.0,0.0,0.0,0.0,0.0,0.0,0.0,0.0,0.0,0.0,0.0,0.0,0.0,0.0,0.0,0.0,0.0,0.0,0.0,0.0,0.0,0.0,0.0,0.0,0.0,0.0,0.0,0.0,0.0
California,0.1,2.59,2.17,-4.8,-2.6,-0.6,-3.2,-2.06,-0.77,1.91,-2.47,2.54,0.75,5.55,9.92,8.58,6.29,0.72,7.95,6.23,10.75,8.53,2.0,6.07,6.26,-3.37,-5.94,2.37,-2.31
California,0.56,1.32,-2.36,-7.97,-1.57,-2.05,-1.31,-1.41,2.96,-3.93,2.61,3.91,3.81,4.63,4.86,4.96,2.08,-2.03,1.05,1.62,1.84,-3.04,0.89,2.28,1.33,-2.57,-4.02,4.76,2.67
California,0.58,1.28,1.17,-14.06,-0.13,3.8,0.93,-0.29,1.79,-4.27,1.86,3.09,2.57,-0.03,6.62,2.57,2.59,-2.11,1.38,3.13,4.56,0.62,-2.63,3.35,1.56,-7.09,-3.56,5.07,2.81
California,0.67,1.45,13.85,-15.28,-1.9,2.54,-3.11,-2.02,2.01,-2.37,-1.75,1.85,0.54,2.04,2.43,3.62,2.05,-0.53,-0.7,1.95,2.89,2.4,1.46,1.77,-0.04,1.82,1.25,5.97,1.38
California,1.06,1.11,6.82,4.49,-0.96,-2.14,-3.13,1.58,1.53,-4.64,-6.66,1.86,1.35,-0.61,5.56,1.93,2.34,0.31,0.96,-0.09,-1.51,2.27,-2.56,2.28,1.39,10.71,-5.58,4.3,-0.95
California,0.75,1.09,-1.46,-10.44,-2.68,-0.18,0.71,6.01,1.51,2.48,-3.67,-0.62,1.2,3.82,5.49,2.73,3.1,0.96,-0.12,-2.47,-1.45,-0.7,6.85,1.09,1.65,-13.41,-0.4,5.14,1.21
Colorado,0.0,0.0,0.0,0.0,0.0,0.0,0.0,0.0,0.0,0.0,0.0,0.0,0.0,0.0,0.0,0.0,0.0,0.0,0.0,0.0,0.0,0.0,0.0,0.0,0.0,0.0,0.0,0.0,0.0
Colorado,1.08,1.79,-26.96,-10.87,-2.28,1.11,-4.47,-24.75,-1.51,8.36,-0.97,7.37,-4.84,22.43,2.2,30.08,11.51,2.08,8.35,2.22,-2.57,1.21,0.33,13.2,2.91,6.5,-2.49,2.84,-14.64
Colorado,1.82,0.75,-20.39,13.82,-4.87,6.93,-1.26,6.82,5.75,9.21,2.23,2.61,12.13,-0.95,-2.67,-19.57,-6.83,-11.69,0.98,11.41,-19.08,6.4,4.95,-0.53,8.25,-1.8,0.49,-0.15,10.57
Colorado,1.56,2.1,-23.18,-14.29,2.17,9.09,-1.41,1.53,0.36,-2.09,-7.65,-8.44,1.78,16.3,5.23,16.4,6.89,3.96,-4.89,6.92,-11.15,-9.08,19.92,-1.67,-0.62,13.38,7.04,15.08,0.86
Colorado,1.64,1.3,34.04,12.5,6.62,2.15,-3.8,-10.33,1.97,4.32,-9.57,1.39,9.8,-10.25,-3.61,1.9,4.78,7.05,2.92,9.14,26.71,-16.74,-4.94,9.26,-6.63,-1.28,1.15,7.8,-11.62
Colorado,1.58,1.95,65.18,23.7,-7.91,-4.51,-1.81,-0.63,1.98,-5.59,6.01,12.01,2.59,17.98,15.9,-8.8,10.08,1.73,4.6,-2.49,5.12,-0.62,-13.79,-1.8,-0.96,4.46,2.72,5.34,22.55
Colorado,1.65,1.41,14.58,-1.2,3.35,11.72,-0.43,8.17,5.02,-6.87,5.33,-19.45,12.49,13.46,12.39,-1.16,9.05,4.78,-1.31,-25.66,0.16,19.87,0.91,-3.17,-0.39,-20.18,-2.06,0.09,-12.81
Connecticut,0.0,0.0,0.0,0.0,0.0,0.0,0.0,0.0,0.0,0.0,0.0,0.0,0.0,0.0,0.0,0.0,0.0,0.0,0.0,0.0,0.0,0.0,0.0,0.0,0.0,0.0,0.0,0.0,0.0
Connecticut,0.68,7.88,12.92,4.35,-0.95,3.37,5.8,3.71,7.18,5.74,-0.02,6.71,0.32,3.89,18.96,17.35,7.14,2.49,-0.05,-13.2,-28.76,26.13,3.55,17.62,8.84,-17.14,-4.78,1.54,0.04
Connecticut,0.16,2.8,5.12,-4.32,-0.96,-2.78,2.43,-1.52,-7.71,-0.34,-16.99,-15.29,-1.35,-0.08,-2.28,-1.88,5.87,5.16,-1.56,32.64,-55.28,7.8,6.29,-1.74,-1.96,-34.48,8.29,20.16,-0.5
Connecticut,-0.01,3.39,6.76,-33.02,-1.07,-1.32,-1.07,-6.52,-0.14,0.79,0.85,-7.71,1.23,11.21,13.6,-1.99,0.02,-7.33,-3.32,-16.57,-100.0,20.16,14.38,7.59,1.53,-31.58,-0.13,21.81,11.28
Connecticut,0.1,2.85,1.95,-17.91,-1.56,0.55,-4.42,-1.41,-2.18,0.67,-2.37,15.3,-4.49,-4.0,4.91,1.32,7.07,4.4,7.01,12.15,inf,-21.11,-7.68,-5.59,5.73,-100.0,-9.02,10.45,4.86
Connecticut,0.18,1.67,0.04,3.97,-4.37,-3.01,-6.62,2.0,-0.56,-1.6,15.07,5.75,21.98,-7.07,5.36,6.03,6.52,-3.72,-1.1,0.2,0.0,-10.92,14.36,-0.37,7.11,0.0,-2.79,8.96,-7.06
Connecticut,-0.3,2.31,11.61,-10.35,-4.88,0.32,-0.24,-0.03,-6.26,-3.43,6.25,-24.06,6.45,21.63,5.49,-8.11,1.76,5.94,2.43,19.42,211.11,-12.74,-14.58,-9.24,1.08,0.0,2.34,7.26,4.48
Delaware,0.0,0.0,0.0,0.0,0.0,0.0,0.0,0.0,0.0,0.0,0.0,0.0,0.0,0.0,0.0,0.0,0.0,0.0,0.0,0.0,0.0,0.0,0.0,0.0,0.0,0.0,0.0,0.0,0.0
Delaware,1.67,12.38,34.75,-26.67,-2.93,-8.23,6.2,19.15,-11.1,8.66,-60.2,-6.9,-7.42,28.48,-10.88,35.97,18.38,3.05,-22.3,800.0,0.0,70.73,-45.79,0.49,24.52,0.0,0.39,-7.12,-3.95
Delaware,1.06,1.24,12.04,-46.59,2.11,8.58,7.21,-0.24,23.71,-3.74,5.77,-81.48,-11.32,4.35,12.15,5.89,-0.32,-1.97,23.34,-39.68,0.0,0.0,27.18,-8.46,-0.08,inf,-18.75,-27.29,8.22
Delaware,1.1,2.05,-5.21,48.94,-12.18,25.13,-6.59,-0.8,-3.26,-18.51,37.58,1280.0,-23.67,-2.04,-2.85,10.78,7.59,-6.47,4.27,13.16,0.0,-11.79,-37.4,7.29,-3.06,-33.33,-25.96,0.16,10.13
Delaware,0.71,2.2,29.07,7.14,-4.08,-0.14,-5.06,3.54,5.27,5.19,-4.85,-10.14,-8.71,3.51,-2.62,5.56,6.19,-13.54,5.48,13.95,0.0,-25.91,-48.78,-9.28,-7.32,-100.0,-8.44,29.82,-29.89
Delaware,0.87,3.4,5.23,-13.33,-3.86,-3.59,-13.88,-7.07,-13.11,13.12,-1.85,-6.45,75.57,7.99,2.06,-11.4,2.96,5.16,-2.0,89.8,0.0,-21.31,97.62,-3.56,-0.83,0.0,-55.32,1.04,-23.77
Delaware,0.89,1.03,-12.69,3.08,-2.78,8.94,-13.36,-14.2,8.76,-17.96,25.94,27.59,9.35,-0.75,32.89,-16.81,2.69,-13.54,25.93,75.27,inf,-19.44,26.51,31.63,-3.03,0.0,-44.44,8.94,12.9
District of Columbia,0.0,0.0,0.0,0.0,0.0,0.0,0.0,0.0,0.0,0.0,0.0,0.0,0.0,0.0,0.0,0.0,0.0,0.0,0.0,0.0,0.0,0.0,0.0,0.0,0.0,0.0,0.0,0.0,0.0
District of Columbia,-0.59,-1.02,7.42,12.5,-3.25,7.34,5.25,10.48,2.36,-15.88,0.84,2.7,-4.62,43.78,29.27,44.23,28.47,-1.18,32.88,14.29,0.0,9.23,-18.75,12.79,-24.68,0.0,0.0,2.06,8.27
District of Columbia,1.7,-1.77,-2.1,-3.33,10.86,0.53,9.2,4.38,55.81,-16.16,9.13,-42.11,-2.58,-25.19,-5.07,-5.78,3.51,8.79,-0.77,-27.08,inf,-6.42,223.08,9.72,-1.88,0.0,25.44,9.16,22.43
District of Columbia,1.43,2.66,-22.8,-14.94,2.68,5.15,10.76,26.81,-5.81,-2.43,-7.79,20.45,-12.29,37.19,11.74,43.4,7.97,-20.44,3.71,-8.57,-5.36,30.32,11.9,1.01,30.43,0.0,-16.04,3.2,8.97
District of Columbia,0.99,9.33,-28.22,-90.54,20.73,20.25,-10.57,21.69,10.37,0.42,0.21,75.47,17.55,13.92,6.32,-14.14,16.47,26.15,7.32,65.62,1.89,6.93,12.77,6.48,-4.01,0.0,54.49,10.2,6.8
District of Columbia,1.29,6.84,-0.23,142.86,14.1,16.22,5.68,21.6,11.45,-4.35,-15.02,-8.6,25.79,6.11,-18.96,16.48,19.93,15.61,-1.47,16.98,-22.22,-16.58,-30.19,-34.65,10.03,inf,-20.36,7.0,9.21
District of Columbia,1.3,6.92,29.16,5.88,1.54,-0.48,-2.13,-14.66,1.52,10.61,15.25,48.24,33.81,8.48,36.77,44.74,1.03,-5.59,-5.98,19.35,-7.14,-4.04,10.81,17.98,12.22,28.57,-18.26,8.24,-0.61
Florida,0.0,0.0,0.0,0.0,0.0,0.0,0.0,0.0,0.0,0.0,0.0,0.0,0.0,0.0,0.0,0.0,0.0,0.0,0.0,0.0,0.0,0.0,0.0,0.0,0.0,0.0,0.0,0.0,0.0
Florida,0.97,5.81,8.42,-9.27,-5.01,1.09,-1.78,-1.86,-3.67,-4.08,7.55,0.97,0.26,21.99,6.04,5.54,7.32,1.59,5.86,7.24,3.06,8.69,5.53,11.7,5.62,-20.21,-6.39,-6.96,5.04
Florida,0.56,2.5,4.48,-9.79,-3.4,0.46,1.0,-2.96,6.99,3.33,0.67,9.68,6.53,0.83,1.47,13.58,3.27,-3.9,-5.51,2.15,2.83,4.16,-4.89,0.93,4.22,-1.33,3.26,4.33,-4.77
Florida,0.72,2.08,4.39,-2.4,-2.63,-1.08,-2.12,1.18,3.81,-0.71,1.28,-15.53,1.4,9.54,-2.59,-4.3,6.71,7.41,-1.41,4.91,-2.55,1.52,-6.74,6.62,3.4,17.57,-2.62,10.23,3.79
Florida,0.92,2.09,3.33,-8.15,-2.66,0.52,-2.75,-2.55,0.75,-2.52,6.24,-1.69,-0.4,7.27,-0.38,10.35,7.14,-1.05,-1.18,-9.55,13.08,-9.18,3.48,-2.06,1.38,-9.2,-0.26,-0.28,2.8
Florida,1.02,2.83,3.45,-10.44,-1.07,-0.36,-2.72,1.06,3.43,0.25,6.85,-0.62,3.38,-1.13,5.0,-4.01,3.25,-0.17,3.55,-4.19,-18.38,10.81,7.41,8.75,2.23,-27.85,-1.18,13.39,3.29
Florida,1.09,2.84,3.46,-18.65,1.64,-0.48,-3.89,-4.43,6.01,0.51,-9.35,-12.38,8.01,-0.67,10.31,4.42,6.25,1.41,5.74,4.71,10.51,4.92,-7.1,-2.19,4.59,-5.26,-2.69,10.8,1.99
Georgia,0.0,0.0,0.0,0.0,0.0,0.0,0.0,0.0,0.0,0.0,0.0,0.0,0.0,0.0,0.0,0.0,0.0,0.0,0.0,0.0,0.0,0.0,0.0,0.0,0.0,0.0,0.0,0.0,0.0
Georgia,-0.6,5.56,16.25,16.67,3.55,-10.49,-6.38,-8.2,-10.14,2.15,1.3,-12.48,4.12,6.23,7.76,11.08,8.59,2.96,14.45,-4.23,15.79,-2.9,4.86,9.61,6.98,35.42,5.73,0.2,7.69
Georgia,1.21,3.61,0.28,26.68,-7.58,-4.35,4.93,-2.29,7.62,-7.39,-3.28,-3.08,7.55,16.85,1.37,-8.74,8.88,-3.51,3.96,1.35,16.97,17.89,-1.35,2.69,3.11,52.31,11.4,15.86,-7.75
Georgia,1.1,2.6,6.12,17.87,-5.71,-1.82,-1.51,5.97,8.0,11.14,10.22,27.44,0.29,-0.05,1.5,-6.68,2.78,2.57,1.39,2.9,-10.01,2.57,-0.32,-0.05,4.76,-13.47,-3.34,5.23,-1.94
Georgia,0.97,2.31,8.66,-0.54,-2.85,-5.55,-0.64,7.5,2.7,4.03,-14.02,-29.95,4.39,5.79,6.02,10.85,3.56,2.54,-4.83,15.6,-0.1,-2.81,4.0,1.4,2.54,-9.34,0.21,8.69,-1.06
Georgia,0.97,2.54,-2.33,-9.44,-0.89,-4.73,-2.93,1.77,0.21,-13.75,-0.09,-23.61,-5.19,4.42,8.91,-0.78,6.43,-0.91,0.54,-0.29,1.24,16.67,2.0,2.79,-1.57,-27.47,10.25,2.03,4.12
Georgia,0.89,1.83,0.26,-17.03,-5.43,3.87,-5.41,-5.37,5.87,-4.16,-10.3,32.65,-6.19,8.2,9.04,11.95,3.9,-2.27,0.91,2.98,-6.07,3.61,3.72,4.03,2.58,-19.53,0.19,8.93,2.85
Hawaii,0.0,0.0,0.0,0.0,0.0,0.0,0.0,0.0,0.0,0.0,0.0,0.0,0.0,0.0,0.0,0.0,0.0,0.0,0.0,0.0,0.0,0.0,0.0,0.0,0.0,0.0,0.0,0.0,0.0
Hawaii,2.97,0.22,70.51,-7.14,-5.63,-4.07,7.9,-6.38,9.81,1.23,-17.52,133.33,-1.06,180.0,-3.82,-33.1,8.99,1.08,7.52,30.45,-2.44,4.87,12.77,17.72,9.21,-17.46,16.67,-2.48,53.48
Hawaii,0.75,5.05,-12.97,23.08,-8.27,10.09,5.47,-34.06,61.38,0.61,-34.51,5.19,8.93,42.86,28.17,26.32,1.86,-0.62,-0.58,36.24,-87.5,-4.64,10.46,-9.8,1.58,-26.92,-4.2,1.16,25.78
Hawaii,1.17,0.81,-14.47,-25.0,-16.4,7.59,1.09,10.8,4.2,-37.3,64.19,9.88,52.79,-8.33,44.58,-32.5,2.65,-4.39,-1.2,-38.11,480.0,-8.61,8.87,0.43,3.14,-65.79,7.89,22.2,-0.28
Hawaii,1.37,-4.81,-12.12,8.33,-1.95,7.28,-2.14,-18.64,0.17,64.95,-23.05,-7.87,2.15,3.64,-12.21,-44.44,-1.61,0.03,-4.44,13.22,-20.69,3.34,-3.31,14.84,0.25,0.0,13.01,-16.48,-19.44
Hawaii,1.39,-1.48,-10.63,2.56,-5.19,-2.87,-3.99,6.25,-5.13,10.72,-5.35,-12.2,-10.92,-22.81,27.32,-20.0,-1.24,-0.61,-0.5,-11.31,43.48,-1.88,-2.02,-0.33,2.19,223.08,-2.16,30.94,10.34
Hawaii,1.03,2.64,-63.67,0.0,3.54,10.11,-14.65,-34.31,1.35,-13.03,41.24,-76.39,68.63,-56.82,4.02,22.22,5.18,-0.37,6.67,-19.34,24.24,-3.66,-10.48,0.02,0.01,14.29,-5.15,-19.18,35.31
Idaho,0.0,0.0,0.0,0.0,0.0,0.0,0.0,0.0,0.0,0.0,0.0,0.0,0.0,0.0,0.0,0.0,0.0,0.0,0.0,0.0,0.0,0.0,0.0,0.0,0.0,0.0,0.0,0.0,0.0
Idaho,2.26,4.44,8.75,-23.08,-7.24,-0.63,7.18,-4.01,19.01,-24.91,9.55,10.0,-12.54,313.33,-30.9,-38.82,11.34,4.04,13.75,18.52,0.0,19.69,-27.71,-10.78,-6.7,-40.34,12.2,-44.0,0.0
Idaho,1.57,1.76,-3.45,10.0,8.32,-6.57,-5.97,-12.26,-3.47,36.87,7.73,0.0,53.76,-51.61,15.56,-78.85,18.27,-7.52,1.65,-2.5,inf,-30.66,1.46,-13.85,16.4,28.41,10.0,35.45,-23.3
Idaho,1.15,2.95,-70.83,0.0,-15.01,5.84,0.95,6.03,14.87,-11.11,5.04,3.03,-19.81,-1.67,-12.98,54.55,9.4,4.15,-14.44,18.59,-34.09,-21.57,46.0,14.71,6.05,-32.3,-54.94,21.16,-93.67
Idaho,1.1,2.4,30.61,81.82,-8.21,10.54,-6.39,-26.65,-21.59,-14.77,16.89,0.0,40.7,67.8,-18.23,76.47,13.26,-15.34,-6.7,-47.03,44.83,-19.06,10.69,4.27,10.88,0.0,-5.26,69.33,220.0
Idaho,1.0,3.16,14.06,-40.0,-5.61,-0.32,-1.23,-41.63,-5.54,-8.0,-10.23,-70.59,4.34,43.43,79.05,560.0,7.1,-9.34,28.46,29.59,69.05,-22.33,-22.87,-2.76,2.07,9.8,12.04,3.31,100.0
Idaho,1.27,0.78,-27.4,0.0,1.77,-4.36,-6.93,-18.18,-12.01,0.97,4.62,90.0,-9.11,-45.07,18.87,-9.09,10.9,-21.78,-15.39,-15.75,49.3,23.12,17.79,26.76,16.52,17.86,-27.27,64.25,40.62
Illinois,0.0,0.0,0.0,0.0,0.0,0.0,0.0,0.0,0.0,0.0,0.0,0.0,0.0,0.0,0.0,0.0,0.0,0.0,0.0,0.0,0.0,0.0,0.0,0.0,0.0,0.0,0.0,0.0,0.0
Illinois,-0.48,2.76,-0.98,-15.96,-5.04,14.42,-5.44,-5.12,-0.08,-2.26,-11.21,-8.59,-0.59,12.54,7.03,3.94,6.31,1.51,2.74,8.05,-14.0,7.27,17.93,2.12,4.75,-4.04,-3.79,4.97,-2.17
Illinois,0.1,1.87,1.58,-7.34,1.01,-1.28,-3.6,-4.22,0.71,-2.08,-1.58,1.81,16.13,3.3,6.8,-3.09,3.85,-2.7,3.38,6.93,-18.14,10.61,-2.91,6.14,0.94,12.63,-10.98,8.95,14.02
Illinois,0.06,1.02,9.15,2.13,-3.28,5.03,-1.03,-4.34,1.48,-0.43,6.56,-1.34,-9.21,6.14,4.28,4.27,4.64,-1.9,-1.8,-7.27,-23.58,-1.27,-18.58,0.01,0.02,-32.71,1.02,3.21,-3.86
Illinois,0.14,0.61,-10.15,-26.59,0.51,-2.84,-3.37,-0.06,-0.7,-0.17,4.08,14.7,0.79,0.34,-1.49,1.03,4.04,2.01,0.55,20.3,54.28,7.15,-8.92,-0.45,3.75,-26.39,-4.38,9.76,5.39
Illinois,0.05,1.0,-4.8,16.11,-4.91,2.07,-3.28,-3.61,-0.23,-0.02,-1.24,-11.42,0.32,2.8,7.89,2.36,2.14,-0.93,-3.02,-8.68,11.81,-5.44,6.89,-2.18,4.45,0.0,-7.96,5.49,-3.69
Illinois,-0.16,0.91,-1.29,-22.03,-3.91,-1.93,-4.54,-2.02,0.61,-1.57,3.22,-11.03,2.86,1.23,3.37,4.68,4.6,2.33,-0.86,3.87,8.62,0.65,0.62,1.13,-0.02,-69.81,11.91,3.21,-5.0
Indiana,0.0,0.0,0.0,0.0,0.0,0.0,0.0,0.0,0.0,0.0,0.0,0.0,0.0,0.0,0.0,0.0,0.0,0.0,0.0,0.0,0.0,0.0,0.0,0.0,0.0,0.0,0.0,0.0,0.0
Indiana,0.91,7.75,36.86,102.6,5.91,4.37,1.77,2.68,-4.48,4.09,9.91,4.66,17.63,25.57,30.52,4.22,16.33,-6.46,2.6,-15.31,252.63,4.74,-21.2,-3.79,11.97,-47.95,-12.92,16.21,4.43
Indiana,0.54,1.19,46.37,15.38,-11.15,9.72,1.45,-10.35,-4.75,3.21,-3.53,-14.85,20.07,17.23,-4.4,12.27,0.43,0.04,7.46,26.24,-36.57,-0.71,-3.34,-0.73,2.25,200.0,-16.6,12.16,9.57
Indiana,0.41,1.66,-8.96,21.67,-3.02,-11.29,0.0,7.77,-8.66,-6.14,-1.41,-17.44,-4.16,-3.7,11.39,24.14,13.55,-3.84,7.61,-0.79,-2.35,10.95,-35.15,0.46,-8.49,18.42,3.89,10.01,10.98
Indiana,0.39,2.01,26.36,-15.53,6.12,4.8,-2.26,3.12,0.33,-0.36,1.88,-14.08,14.73,12.4,12.77,15.22,7.36,15.27,-1.13,-6.69,185.54,-29.76,8.06,-13.44,-7.78,-1.48,6.53,6.18,-0.16
Indiana,0.47,1.04,15.16,-31.35,4.95,-6.76,-2.94,-14.28,-12.95,-6.81,-16.85,13.11,1.55,-2.4,3.43,0.73,6.85,3.33,-2.69,15.94,8.44,3.38,1.34,11.21,15.23,-45.11,-11.06,6.72,-9.59
Indiana,0.39,0.83,-9.9,-56.69,-10.45,35.24,-1.95,7.09,-9.31,-4.32,-5.1,2.9,-7.12,-4.65,-5.3,17.95,5.37,-6.51,0.07,5.45,33.85,-8.93,-5.45,14.84,10.64,26.03,2.94,3.77,6.38
Iowa,0.0,0.0,0.0,0.0,0.0,0.0,0.0,0.0,0.0,0.0,0.0,0.0,0.0,0.0,0.0,0.0,0.0,0.0,0.0,0.0,0.0,0.0,0.0,0.0,0.0,0.0,0.0,0.0,0.0
Iowa,0.86,8.02,-10.29,103.33,-0.47,-20.63,-2.07,-20.72,-1.49,-10.77,3.05,9.76,1.44,7.6,4.77,12.93,12.92,-6.02,11.46,23.95,-42.86,11.87,7.71,10.82,-3.94,32.14,23.08,33.0,55.0
Iowa,0.38,2.74,-12.3,-15.57,1.87,-9.46,-2.88,17.51,1.14,-15.02,1.21,66.67,-24.75,56.25,44.43,2.38,6.56,-17.01,18.69,3.86,106.48,-2.21,-2.92,-0.19,11.36,5.41,1.56,3.8,-28.32
Iowa,0.39,1.97,-64.49,71.84,0.74,8.42,1.75,1.08,11.83,-17.54,-0.62,24.0,7.82,-3.13,9.53,-19.25,11.63,2.75,-10.73,20.7,38.57,-9.47,10.85,2.6,1.07,38.46,-26.15,25.33,52.5
Iowa,0.43,1.06,-18.42,42.94,-1.1,-3.88,-1.34,20.09,-10.95,-8.26,11.95,31.18,-18.25,-4.49,-5.5,55.0,13.7,-1.38,3.44,1.73,-3.24,35.08,1.38,-11.32,-0.42,-27.78,-14.58,9.1,-12.13
Iowa,0.43,0.37,287.1,-26.09,-0.37,16.62,-0.43,-3.91,5.99,-18.2,-4.42,-37.7,-11.01,33.65,19.33,-5.96,3.8,23.99,1.19,-12.88,117.73,-9.29,4.68,-1.19,8.26,-87.18,32.93,27.87,51.12
Iowa,0.47,0.85,145.0,17.11,-3.99,6.93,0.51,2.78,-16.28,16.16,2.76,68.42,10.31,11.39,7.05,11.21,11.78,-2.61,-3.29,11.52,14.75,-4.53,-0.33,-0.18,2.91,-100.0,7.34,-8.97,-23.95
Kansas,0.0,0.0,0.0,0.0,0.0,0.0,0.0,0.0,0.0,0.0,0.0,0.0,0.0,0.0,0.0,0.0,0.0,0.0,0.0,0.0,0.0,0.0,0.0,0.0,0.0,0.0,0.0,0.0,0.0
Kansas,0.48,9.37,6.35,-11.83,16.9,5.31,-1.09,-3.64,6.99,-17.63,-20.25,20.55,-6.72,-10.28,15.8,-18.05,19.39,0.87,0.41,-2.53,20.07,19.75,14.73,3.47,11.62,32.56,57.78,3.61,4.37
Kansas,0.53,2.42,12.44,-45.12,-0.91,19.39,-2.8,-20.4,20.03,10.83,-27.85,-20.45,16.15,-11.55,-1.15,-15.52,1.2,9.44,-2.87,15.7,-8.85,-8.82,-14.2,9.22,6.75,144.44,18.31,17.31,21.79
Kansas,0.53,2.46,14.6,-24.44,-5.17,0.51,0.48,14.24,-2.41,15.68,8.67,37.14,17.41,-29.92,3.8,-3.85,0.28,-3.47,-7.41,16.21,-2.54,-17.4,-10.04,2.58,11.97,17.22,-26.79,12.1,-31.65
Kansas,0.49,2.09,-34.94,2.94,-20.99,-2.75,-3.09,-2.77,5.61,-7.86,5.63,17.71,-5.47,-10.71,9.04,33.67,7.99,11.32,2.07,-25.74,1.24,-7.53,8.1,0.86,2.74,30.82,39.84,7.89,47.32
Kansas,0.43,1.33,-18.1,-4.29,-10.4,9.39,-3.48,-5.41,-2.24,-26.23,-1.33,-19.47,20.07,26.78,1.92,4.74,2.22,3.6,-6.66,22.14,-5.16,21.87,10.89,0.29,0.71,-3.28,12.79,5.45,-24.15
Kansas,0.27,2.15,10.14,-70.15,-21.62,-6.34,-9.64,3.92,-12.91,15.9,-8.71,-26.37,-2.41,9.6,9.48,0.08,1.66,14.9,-2.8,58.88,-8.87,4.46,-15.59,9.16,-5.04,6.61,13.92,8.73,26.73
Kentucky,0.0,0.0,0.0,0.0,0.0,0.0,0.0,0.0,0.0,0.0,0.0,0.0,0.0,0.0,0.0,0.0,0.0,0.0,0.0,0.0,0.0,0.0,0.0,0.0,0.0,0.0,0.0,0.0,0.0
Kentucky,0.7,8.75,5.51,16.0,6.46,2.74,-3.75,-4.39,-12.53,13.95,16.35,68.18,2.49,-18.92,3.5,10.13,3.44,-5.27,7.91,26.27,-29.89,8.59,43.93,22.68,1.7,0.0,-60.54,16.83,1.29
Kentucky,0.59,3.21,-3.55,-25.86,3.44,6.9,0.15,-10.43,-6.37,-11.76,-3.35,23.42,-11.73,11.37,13.18,-9.53,5.42,-0.33,3.94,75.73,106.56,65.92,-2.51,-0.46,-10.13,inf,70.99,18.79,-42.55
Kentucky,0.46,2.97,-9.31,179.07,-8.87,-13.47,-3.56,-24.56,-0.24,-6.67,-0.06,7.3,1.83,3.16,3.92,0.83,13.48,-2.51,3.16,8.41,-48.41,-6.23,16.02,6.49,1.02,7.69,14.73,16.33,56.3
Kentucky,0.44,1.48,10.98,-9.17,-18.0,-17.8,3.74,23.77,2.03,-22.01,-2.89,-1.36,14.85,10.86,-12.78,14.12,4.84,1.63,0.62,7.47,32.31,9.91,-32.86,2.56,-8.53,-7.14,16.34,17.66,64.45
Kentucky,0.51,-0.61,-13.12,43.12,2.97,-11.41,-2.39,-15.59,-9.01,5.98,0.75,5.52,19.2,37.6,6.01,1.93,4.82,-2.6,4.85,-19.52,-5.81,19.81,35.22,-0.68,-4.09,23.08,2.01,7.83,7.2
Kentucky,0.28,1.63,38.61,-17.31,12.87,7.03,5.92,11.08,18.04,-11.99,-12.71,-22.22,5.26,27.38,12.85,6.3,1.28,-5.82,-1.08,13.73,-2.47,0.2,-16.08,-11.28,21.32,481.25,-5.57,8.59,0.81
Louisiana,0.0,0.0,0.0,0.0,0.0,0.0,0.0,0.0,0.0,0.0,0.0,0.0,0.0,0.0,0.0,0.0,0.0,0.0,0.0,0.0,0.0,0.0,0.0,0.0,0.0,0.0,0.0,0.0,0.0
Louisiana,0.14,13.95,-7.15,44.44,-12.32,13.21,-8.51,-26.81,23.03,-6.79,45.56,-69.51,20.51,-3.21,20.61,13.19,12.36,14.97,-12.25,32.17,0.0,-12.02,37.07,5.7,25.9,121.88,16.72,-10.43,-26.09
Louisiana,1.19,5.71,-1.26,20.51,-12.67,-0.28,0.17,-33.33,8.08,6.0,-15.85,-48.0,15.16,5.46,7.19,8.59,5.69,7.17,-5.13,-35.98,inf,-8.87,2.69,4.69,17.54,-32.39,-3.93,-5.53,138.24
Louisiana,1.09,1.31,1.51,27.66,6.44,19.81,1.76,1.38,-10.22,14.56,33.66,292.31,23.44,-5.74,-10.09,-8.23,3.5,5.35,21.66,63.64,-6.58,-6.22,-11.27,3.97,6.04,10.42,-14.91,2.29,68.52
Louisiana,0.96,3.06,9.36,-13.33,-1.8,5.38,-2.54,5.26,-6.22,-0.71,19.28,23.53,36.01,28.76,18.62,8.28,4.08,-2.16,12.39,-15.66,-5.63,-13.95,16.06,-1.29,6.91,-15.09,4.12,11.52,33.33
Louisiana,0.83,3.08,7.93,3.85,-15.43,-9.4,-1.7,45.93,-9.95,-14.57,3.43,106.35,2.48,15.94,-8.33,-7.65,0.76,4.62,-9.06,12.87,11.94,28.26,-5.29,3.36,2.75,22.22,16.5,6.47,20.33
Louisiana,0.75,0.54,-0.4,-12.96,0.72,1.91,-2.48,18.27,-24.34,4.44,-9.18,-20.0,4.63,-26.38,24.05,1.41,5.95,-12.69,0.88,7.69,70.67,29.58,-23.84,9.47,-7.03,-29.09,-48.16,13.46,10.73
Maine,0.0,0.0,0.0,0.0,0.0,0.0,0.0,0.0,0.0,0.0,0.0,0.0,0.0,0.0,0.0,0.0,0.0,0.0,0.0,0.0,0.0,0.0,0.0,0.0,0.0,0.0,0.0,0.0,0.0
Maine,1.27,-1.21,-28.57,-29.41,1.8,-17.25,-7.99,-7.64,0.91,-14.87,46.51,-18.84,-40.56,0.68,59.01,12.24,1.38,-17.04,16.35,-13.28,0.0,70.97,50.62,31.83,9.37,-11.11,4.35,12.67,13.19
Maine,0.24,-1.84,-23.16,-91.67,-5.02,0.3,-3.8,-10.72,-0.85,-7.42,-4.04,47.32,-22.75,-24.32,-15.76,-12.12,2.93,22.54,1.14,-0.58,0.0,60.38,-17.21,3.48,13.65,-21.88,-45.83,12.74,-9.71
Maine,0.13,-4.99,67.12,1000.0,8.6,-15.51,10.22,-9.12,-16.92,4.4,-37.86,2.42,155.56,5.36,-14.62,67.59,7.97,7.22,-0.61,-7.6,0.0,24.0,-33.66,21.86,6.13,-28.0,3.85,11.39,-4.3
Maine,0.28,-4.46,0.82,281.82,-2.77,19.96,-13.65,13.06,0.97,1.36,-22.77,-41.42,24.35,4.24,13.24,-7.41,-3.63,6.61,-10.28,3.8,0.0,-7.21,43.28,-12.62,17.51,-5.56,-7.41,-0.55,-17.98
Maine,0.15,0.59,-25.2,9.52,9.13,24.22,-1.23,-3.94,0.0,-5.79,8.37,-45.45,-10.66,-13.01,-15.12,8.0,1.51,-14.9,-36.08,3.66,0.0,3.48,-31.25,22.52,-2.95,-70.59,-8.0,60.72,29.45
Maine,0.21,5.43,219.57,-13.04,0.27,-2.63,1.19,-11.29,-8.93,-19.72,55.88,42.59,12.72,52.34,9.03,17.28,5.16,0.14,-19.0,2.94,0.0,0.79,-34.85,-14.0,18.97,120.0,69.57,11.2,-26.98
Maryland,0.0,0.0,0.0,0.0,0.0,0.0,0.0,0.0,0.0,0.0,0.0,0.0,0.0,0.0,0.0,0.0,0.0,0.0,0.0,0.0,0.0,0.0,0.0,0.0,0.0,0.0,0.0,0.0,0.0
Maryland,0.2,11.54,0.65,14.39,-5.97,-4.62,-0.16,1.31,-3.59,8.15,-18.36,14.16,-1.42,8.14,15.84,14.09,8.85,10.08,6.49,32.19,-100.0,-8.4,-6.29,4.93,20.64,12.5,4.68,2.28,-14.9
Maryland,0.4,3.31,0.22,-13.3,-6.69,4.75,-3.65,0.63,7.6,-0.15,13.89,17.44,0.59,-2.41,1.64,16.9,1.52,-8.77,-0.53,-10.63,inf,-12.22,-8.36,8.39,8.21,-33.33,12.42,6.22,-10.6
Maryland,0.52,2.75,13.34,-1.48,-1.46,2.02,-0.51,-5.49,8.09,-10.87,2.85,11.38,7.83,1.05,-1.75,3.48,4.28,-1.89,-3.04,7.61,-52.38,-0.23,11.04,1.65,4.65,11.11,-10.03,0.95,0.88
Maryland,0.64,3.44,2.57,-16.07,-5.88,4.64,-9.72,2.09,-4.54,-8.68,19.76,-13.91,6.92,2.54,-1.77,9.42,2.59,-0.45,-1.1,-16.43,-30.0,4.98,-1.19,-0.27,4.93,385.0,5.65,9.63,6.13
Maryland,0.75,2.74,3.42,2.99,-5.35,-3.16,-1.13,-0.28,1.98,1.65,-8.96,6.79,0.61,2.15,9.27,3.11,4.23,5.14,-0.16,-10.13,1014.29,-13.75,-9.74,3.08,7.91,-3.09,-7.88,-2.39,-2.54
Maryland,0.35,3.53,6.26,-18.59,-0.29,7.22,-6.39,0.9,3.92,-7.41,9.99,7.91,-2.5,8.45,2.43,5.06,2.24,-3.49,0.36,1.58,-10.26,4.31,-2.55,2.56,-2.13,88.3,-12.19,3.52,4.28
Massachusetts,0.0,0.0,0.0,0.0,0.0,0.0,0.0,0.0,0.0,0.0,0.0,0.0,0.0,0.0,0.0,0.0,0.0,0.0,0.0,0.0,0.0,0.0,0.0,0.0,0.0,0.0,0.0,0.0,0.0
Massachusetts,-1.12,6.11,8.29,-10.31,-6.24,-3.88,0.93,-3.76,-1.94,-5.76,4.75,12.18,4.04,5.59,9.44,14.65,7.87,3.1,7.85,5.97,-35.1,2.35,19.35,2.17,15.42,-3.57,8.9,1.07,0.53
Massachusetts,0.17,3.36,6.51,8.23,-2.1,-1.05,2.52,-1.05,0.95,-5.48,-0.85,15.41,4.25,8.55,4.83,8.85,1.82,-9.84,11.2,-0.5,-32.39,-3.04,-8.01,6.59,4.07,-22.22,3.32,8.66,12.22
Massachusetts,0.36,3.16,7.81,-12.18,-2.16,0.83,5.26,-1.21,2.07,-2.62,8.77,-0.22,-3.31,11.15,5.51,3.48,3.3,-2.64,-1.7,-0.08,69.77,-3.67,26.57,5.62,-11.34,16.67,-11.54,7.07,-0.26
Massachusetts,0.47,2.93,4.63,-12.87,-5.92,0.75,-6.14,-0.64,-2.15,-4.19,15.36,4.07,5.8,-6.8,8.2,4.04,2.75,4.05,2.25,-4.46,54.25,-8.69,-2.6,1.4,1.05,6.12,-12.41,7.12,-4.05
Massachusetts,0.42,3.36,5.75,-14.9,-3.53,-0.37,0.02,-2.03,0.81,-6.35,-7.49,-3.33,-0.19,5.56,-1.62,-6.14,6.8,0.17,-1.1,8.06,31.44,-3.23,2.76,-0.14,-7.63,7.69,3.49,13.69,-8.64
Massachusetts,0.41,2.84,4.45,6.44,-3.08,-1.11,1.46,0.79,4.48,-4.4,-3.58,-5.73,-2.69,8.97,4.27,0.79,6.55,0.81,4.88,1.76,-6.22,0.49,-7.5,2.22,1.25,-8.93,-4.71,-0.36,5.88
Michigan,0.0,0.0,0.0,0.0,0.0,0.0,0.0,0.0,0.0,0.0,0.0,0.0,0.0,0.0,0.0,0.0,0.0,0.0,0.0,0.0,0.0,0.0,0.0,0.0,0.0,0.0,0.0,0.0,0.0
Michigan,-0.6,-3.75,18.98,-29.78,-4.2,7.77,-4.63,-3.32,-0.21,-10.45,-4.33,6.87,-8.73,3.31,6.93,16.35,6.71,1.01,1.45,10.83,-4.13,-10.05,6.48,2.04,5.27,-14.77,-4.82,-3.46,-8.68
Michigan,-0.3,-0.88,-11.47,-1.4,0.85,-4.51,0.12,-2.46,3.01,-3.04,2.55,-7.87,-15.51,-0.36,2.65,-1.06,4.3,-9.26,3.1,9.77,-14.98,11.18,-12.48,2.3,7.37,32.0,-3.48,4.74,6.32
Michigan,-0.22,-0.57,47.52,-32.39,-0.32,13.64,-3.71,-0.33,-0.35,-4.12,-2.77,-7.51,18.61,4.2,9.72,0.72,-2.35,-5.59,-1.47,3.64,6.53,6.04,-20.62,-3.61,1.85,21.21,-6.94,5.27,9.18
Michigan,-0.07,0.04,14.29,-13.32,-1.97,7.98,-3.28,-6.87,-0.79,-8.09,-0.79,-12.09,-9.23,2.29,0.69,0.79,2.75,-0.2,-2.22,-15.73,1.58,-20.71,6.32,2.23,6.48,-15.0,-6.38,5.11,-5.16
Michigan,0.09,-0.94,13.62,-5.7,-4.32,6.52,-5.54,4.6,-0.55,-4.86,0.94,-2.01,8.77,5.24,-1.95,2.73,4.34,-6.9,5.41,-3.24,-0.33,3.73,3.79,-1.63,-0.62,-29.41,-5.86,5.41,-6.01
Michigan,0.0,1.5,-12.54,28.57,-0.75,3.14,-3.17,-4.17,-3.35,-2.61,5.32,7.51,3.51,-6.19,2.05,2.59,9.38,1.53,-0.22,-15.94,-15.83,1.6,7.89,3.32,-3.35,-81.94,-3.98,3.66,-1.9
Minnesota,0.0,0.0,0.0,0.0,0.0,0.0,0.0,0.0,0.0,0.0,0.0,0.0,0.0,0.0,0.0,0.0,0.0,0.0,0.0,0.0,0.0,0.0,0.0,0.0,0.0,0.0,0.0,0.0,0.0
Minnesota,0.43,8.92,16.81,-15.56,7.52,12.26,-3.54,4.17,-1.38,-3.11,-9.12,-1.36,-1.95,12.28,8.41,-0.56,11.18,13.24,-3.51,14.24,14.35,30.97,4.09,5.89,-5.21,20.83,-6.03,11.17,-4.09
Minnesota,0.52,1.87,31.06,50.98,-5.22,-0.04,-0.93,7.49,4.77,0.4,9.77,6.9,-12.76,-0.96,4.15,-13.81,8.38,2.45,2.2,-0.64,1.55,-19.73,-6.42,5.07,2.57,-44.83,-3.89,-2.68,-21.86
Minnesota,0.53,1.97,41.62,-5.97,4.05,-3.36,1.0,-10.37,0.41,-3.23,-4.66,-51.61,10.7,33.06,2.02,23.78,7.38,-7.07,3.6,-17.01,1.69,16.64,-1.14,4.81,6.64,287.5,-1.93,2.74,-9.52
Minnesota,0.63,0.84,11.02,-59.94,2.62,4.96,-4.26,0.88,-0.76,-14.51,9.09,-57.33,6.51,-1.15,-1.7,0.99,2.91,3.51,4.11,-0.42,0.45,19.36,9.91,1.78,-2.09,35.48,-16.31,10.53,2.38
Minnesota,0.55,0.52,23.25,39.31,-3.36,1.2,-4.2,-5.43,0.48,-4.55,10.21,15.62,-7.02,26.72,2.13,-4.55,5.06,-7.83,-15.5,28.89,4.5,-16.26,-2.38,1.27,-0.37,-42.86,-3.85,9.98,0.54
Minnesota,0.55,0.52,11.33,32.18,-9.43,4.34,-4.05,-11.39,3.02,-7.1,0.53,8.11,17.57,12.17,-3.72,9.26,2.02,-6.52,7.87,-6.24,2.3,-11.7,-2.11,5.37,7.82,39.58,15.14,7.19,-7.11
Mississippi,0.0,0.0,0.0,0.0,0.0,0.0,0.0,0.0,0.0,0.0,0.0,0.0,0.0,0.0,0.0,0.0,0.0,0.0,0.0,0.0,0.0,0.0,0.0,0.0,0.0,0.0,0.0,0.0,0.0
Mississippi,0.79,11.49,73.23,inf,7.05,-3.27,-4.21,-7.23,-4.31,-2.39,-35.54,inf,-25.83,10.64,-0.44,-5.92,-0.66,-47.57,0.43,36.19,inf,2.96,60.16,7.81,-3.69,0.0,-15.38,11.95,-12.07
Mississippi,0.39,4.55,-9.91,108.33,21.01,42.86,-7.0,-44.86,-5.83,-3.92,-31.78,15.38,7.46,13.97,3.15,-25.04,8.56,-27.32,-8.55,-28.67,-75.0,-11.51,-16.59,19.18,0.43,0.0,15.58,-14.62,5.88
Mississippi,0.47,0.11,5.18,-20.0,-11.2,-11.84,6.49,3.95,-6.9,-28.57,39.73,-10.0,-38.43,15.72,9.58,-3.0,5.92,29.38,3.46,-19.61,300.0,7.32,-27.49,-6.05,10.18,0.0,-26.97,-3.89,-9.26
Mississippi,0.41,-0.3,-40.31,12.5,-19.82,40.9,1.85,24.46,-11.22,25.0,-4.9,-3.7,30.83,20.18,-24.3,-14.64,-3.39,9.73,15.72,35.37,100.0,-25.38,73.39,10.34,4.6,0.0,-50.77,8.35,-20.41
Mississippi,0.45,0.9,3.09,8.89,-2.81,44.07,-2.64,-1.31,3.64,60.0,-23.71,0.0,14.94,-7.15,2.66,3.86,-3.91,-11.44,16.01,13.51,125.0,-9.64,97.21,3.24,-2.41,0.0,-9.38,-6.82,-17.95
Mississippi,0.2,2.09,-62.5,-40.82,-17.11,17.5,6.83,-14.6,10.95,-0.71,-9.46,-100.0,48.5,-19.94,53.29,5.12,-2.95,25.54,-3.11,-14.29,44.44,-19.66,-13.68,3.16,3.66,0.0,-41.38,4.91,334.38
Missouri,0.0,0.0,0.0,0.0,0.0,0.0,0.0,0.0,0.0,0.0,0.0,0.0,0.0,0.0,0.0,0.0,0.0,0.0,0.0,0.0,0.0,0.0,0.0,0.0,0.0,0.0,0.0,0.0,0.0
Missouri,0.28,2.8,15.72,7.6,2.12,2.89,-0.7,-1.89,5.38,-13.75,-11.63,-28.71,22.19,26.97,12.02,6.54,17.8,10.6,5.98,12.69,12.02,-7.61,84.9,-7.07,-0.25,-20.0,10.74,6.24,-2.64
Missouri,0.42,2.08,-0.54,-24.38,-7.9,9.9,1.41,4.02,8.07,-16.24,6.17,20.13,19.75,19.84,-0.69,-2.14,5.14,3.21,-7.41,10.84,19.19,4.88,7.23,-3.67,5.0,1.47,-1.29,17.59,18.87
Missouri,0.48,-1.86,21.72,17.29,-2.65,-0.36,-1.18,2.23,-3.73,-6.87,2.11,14.53,-4.28,-4.95,-6.12,3.25,6.94,-3.33,-3.22,4.12,-14.41,2.21,7.24,-0.37,13.99,-49.28,-0.11,10.85,-1.09
Missouri,0.44,0.4,-17.62,-11.95,-1.08,19.29,-0.5,-21.55,9.78,-6.25,2.65,-8.78,-0.62,-6.59,6.05,22.12,4.18,-5.69,-1.21,0.83,17.45,-13.99,23.17,4.13,1.3,-7.14,-4.48,3.19,20.66
Missouri,0.51,-2.47,24.8,-21.27,-6.72,16.81,-3.13,-10.24,-6.05,-9.47,-2.75,-24.6,2.12,20.57,9.03,24.22,2.4,-6.74,8.49,2.1,20.34,-30.75,1.51,2.15,1.21,-29.23,29.41,-0.06,-7.48
Missouri,0.38,0.74,-15.28,-6.32,-9.4,-8.33,-2.68,-7.63,-5.18,0.29,-8.68,31.21,-22.06,23.92,1.67,-8.25,3.73,6.13,-7.17,-7.33,20.05,23.59,-41.99,2.95,2.46,-60.87,-23.61,2.6,8.0
Montana,0.0,0.0,0.0,0.0,0.0,0.0,0.0,0.0,0.0,0.0,0.0,0.0,0.0,0.0,0.0,0.0,0.0,0.0,0.0,0.0,0.0,0.0,0.0,0.0,0.0,0.0,0.0,0.0,0.0
Montana,1.92,-1.84,0.0,0.0,-3.88,7.53,4.48,-39.69,49.21,6.21,-47.9,-8.33,inf,-18.18,-24.68,62.07,-8.4,2.64,4.76,0.0,44.56,10.61,0.0,-12.82,4.24,10.95,18.09,-6.0,-0.69
Montana,0.91,1.7,inf,inf,0.34,-42.02,-4.68,-22.78,-10.24,-14.77,5.75,0.0,350.0,22.22,-3.45,34.04,8.54,15.43,-24.0,inf,20.43,0.0,inf,-20.0,15.29,-12.02,-45.95,-18.09,-35.66
Montana,0.88,6.51,74.07,-25.0,-12.25,-3.36,-5.03,36.07,0.59,-10.83,11.96,-18.18,-16.67,-77.27,160.71,-11.11,3.47,10.58,5.26,0.0,-13.69,16.44,100.0,2.57,-15.94,9.76,-5.0,-7.01,2.17
Montana,1.01,0.29,21.28,1066.67,18.36,-6.25,-9.39,-3.61,-9.43,1.62,-21.36,-100.0,-35.56,60.0,-46.58,-8.93,11.86,-9.95,-2.05,-25.0,-68.28,8.82,25.0,-52.33,13.89,-29.33,0.0,15.92,87.23
Montana,1.04,-0.6,31.58,48.57,-5.65,33.33,-10.66,-30.0,-1.14,-11.55,-44.44,inf,179.31,-100.0,44.87,11.76,24.1,5.17,20.65,33.33,-100.0,-3.78,660.0,10.53,10.55,35.85,28.07,-24.1,-23.86
Montana,1.03,2.24,17.33,23.08,-10.45,6.11,0.57,17.86,-7.57,-22.97,115.56,0.0,-38.27,0.0,-23.89,-91.23,9.35,-15.16,19.62,37.5,0.0,4.49,7.89,-2.04,-7.36,1.85,0.0,21.27,56.72
Nebraska,0.0,0.0,0.0,0.0,0.0,0.0,0.0,0.0,0.0,0.0,0.0,0.0,0.0,0.0,0.0,0.0,0.0,0.0,0.0,0.0,0.0,0.0,0.0,0.0,0.0,0.0,0.0,0.0,0.0
Nebraska,1.1,7.38,71.79,75.0,11.35,17.1,4.8,11.72,20.16,11.08,-22.93,-50.0,-15.98,2.25,43.48,5.59,14.85,11.85,-8.47,-59.21,0.0,11.84,-31.81,5.98,1.56,51.85,-11.49,18.96,-16.3
Nebraska,0.54,3.2,-27.36,280.95,6.38,-1.27,-4.7,-20.99,18.72,3.12,-3.43,-20.0,57.34,56.04,1.21,0.28,-9.15,-6.56,10.59,-36.81,inf,13.14,-26.58,5.4,3.08,-68.29,-35.06,-0.76,15.04
Nebraska,0.32,5.45,6.16,47.5,24.62,-6.43,-5.01,-2.73,9.59,-14.77,-12.74,-6.25,-5.18,-18.54,1.12,18.89,0.13,-7.19,-2.72,16.48,-17.39,38.82,23.98,9.64,-18.77,-7.69,-16.0,0.8,63.85
Nebraska,0.66,2.21,-0.65,25.42,-2.01,36.08,-3.77,20.88,-14.19,-6.89,-5.6,-66.67,16.58,-20.75,-8.36,-9.11,15.7,-2.01,20.21,-20.75,-2.63,4.24,41.97,-0.08,-6.71,-58.33,-28.57,0.57,-27.7
Nebraska,0.67,2.22,-50.0,-18.92,-6.09,4.17,-12.13,0.33,13.22,-11.64,35.07,-100.0,11.72,28.36,8.48,-32.65,-4.94,0.65,21.29,47.62,156.76,2.4,-2.59,4.45,-12.73,40.0,-60.0,18.13,-30.52
Nebraska,0.65,2.49,96.1,-17.5,-23.42,24.85,-6.56,-7.28,-11.87,-10.59,-15.71,0.0,13.01,2.83,0.3,5.73,12.61,8.78,6.68,34.68,96.84,12.28,6.71,4.2,10.33,-42.86,-8.33,9.13,19.63
Nevada,0.0,0.0,0.0,0.0,0.0,0.0,0.0,0.0,0.0,0.0,0.0,0.0,0.0,0.0,0.0,0.0,0.0,0.0,0.0,0.0,0.0,0.0,0.0,0.0,0.0,0.0,0.0,0.0,0.0
Nevada,2.98,4.53,28.68,1.06,-10.11,-2.78,-2.39,1.53,1.72,4.69,-5.74,2.88,9.11,14.65,-8.84,25.63,25.12,-2.03,16.8,32.9,1.23,12.02,-8.95,30.99,17.64,-22.52,1.58,8.12,-4.48
Nevada,1.19,2.88,21.99,21.33,-2.63,11.85,-5.56,-4.63,16.89,-2.41,-1.56,4.78,-6.65,-1.49,41.3,7.36,1.68,-8.56,-3.82,18.25,-19.51,0.37,6.29,8.5,4.19,0.9,1.98,5.98,4.27
Nevada,0.52,3.08,3.61,25.36,-5.49,6.24,-5.07,-0.92,6.48,2.24,-9.83,-12.58,0.47,6.93,-2.41,25.67,6.82,0.6,0.04,-3.28,-36.36,1.92,-12.45,-1.2,4.72,10.9,-0.53,13.88,11.28
Nevada,0.74,1.69,25.99,-15.63,-9.82,9.81,0.69,15.26,13.48,-4.15,16.16,3.88,2.37,20.38,-1.58,13.27,2.75,2.25,14.22,1.7,40.48,3.65,27.12,15.96,1.18,2.51,5.97,2.53,16.59
Nevada,0.84,3.07,4.42,3.81,-5.55,11.09,2.2,-6.26,3.25,5.49,-17.86,13.73,-2.99,-12.04,-6.49,-6.58,1.55,2.53,1.38,3.76,-25.42,9.13,-6.08,5.99,2.64,-4.5,-13.5,1.29,7.91
Nevada,1.03,2.58,-6.35,-14.96,-2.58,17.51,-3.99,-1.72,2.94,-3.95,2.74,11.52,1.48,10.23,24.46,3.55,-0.4,6.66,4.39,9.09,4.55,2.57,11.97,-0.51,1.7,1.43,-15.48,6.79,-6.36
New Hampshire,0.0,0.0,0.0,0.0,0.0,0.0,0.0,0.0,0.0,0.0,0.0,0.0,0.0,0.0,0.0,0.0,0.0,0.0,0.0,0.0,0.0,0.0,0.0,0.0,0.0,0.0,0.0,0.0,0.0
New Hampshire,0.26,-0.47,20.98,-33.33,-1.84,-6.36,-11.24,6.04,1.7,6.46,-2.94,-4.13,-3.12,0.0,13.8,92.7,10.03,4.1,10.13,-2.18,0.0,-3.79,4.08,50.08,10.32,-13.33,-24.9,-5.23,-14.4
New Hampshire,0.39,-0.39,36.04,-30.0,0.96,-9.23,0.15,-11.21,-7.9,-11.67,-17.67,4.78,-2.3,20.62,-7.8,50.38,-10.31,-3.78,12.21,14.35,0.0,-5.47,23.25,-6.96,-0.56,15.38,12.15,16.48,-21.82
New Hampshire,0.29,-2.17,29.8,-14.29,-6.7,-11.27,5.6,13.36,8.93,-7.31,-7.13,4.57,-16.04,-8.06,2.17,16.62,-0.47,22.01,15.4,5.86,0.0,1.16,57.95,3.0,1.6,0.0,-30.54,19.8,25.58
New Hampshire,0.12,3.36,1.28,133.33,-8.41,-1.62,9.41,-2.92,13.57,6.28,21.49,-8.3,15.17,-0.18,-18.32,54.86,8.94,11.19,-5.71,4.35,inf,-45.77,-20.14,10.6,-0.19,-100.0,32.62,2.6,1.39
New Hampshire,0.37,-2.32,7.43,7.14,2.67,-12.61,5.41,1.89,1.92,-8.48,11.5,-27.14,-7.8,-16.96,-0.74,-4.04,5.09,-5.03,-3.59,13.89,-33.33,11.81,2.16,-0.96,27.09,0.0,52.94,3.11,-29.22
New Hampshire,0.37,0.39,-1.99,6.67,-23.02,4.44,-5.37,-14.65,7.47,-0.75,-0.3,-1.96,8.99,1.69,1.0,-3.78,6.36,-1.32,-7.01,-3.88,-16.67,43.77,4.59,-18.96,7.96,0.0,24.83,19.69,55.48
New Jersey,0.0,0.0,0.0,0.0,0.0,0.0,0.0,0.0,0.0,0.0,0.0,0.0,0.0,0.0,0.0,0.0,0.0,0.0,0.0,0.0,0.0,0.0,0.0,0.0,0.0,0.0,0.0,0.0,0.0
New Jersey,-0.45,6.55,4.12,8.0,-2.93,-4.08,-3.98,-6.87,-2.15,-0.02,-2.8,-10.37,-0.09,13.12,13.19,12.72,8.5,1.62,5.08,-23.45,0.0,0.76,1.38,9.76,3.11,-100.0,-4.07,-1.96,2.42
New Jersey,-0.33,2.24,8.6,-8.63,-3.17,1.11,-0.71,0.79,0.52,3.2,-6.69,-1.15,2.27,1.55,3.19,0.17,2.3,-1.9,4.37,6.31,-16.67,14.55,5.43,5.74,0.5,0.0,1.06,4.22,-9.59
New Jersey,-0.01,2.59,-1.93,-4.29,-1.77,-3.04,-3.61,-0.42,-2.4,-1.72,-1.44,6.06,20.55,3.25,4.83,4.53,0.33,7.01,0.06,7.2,20.0,1.49,-0.86,8.59,0.42,0.0,-12.85,7.92,0.82
New Jersey,-0.11,2.15,0.55,8.93,-2.71,0.96,-3.93,-2.35,1.63,1.12,-3.41,-7.98,-2.45,4.75,0.95,3.26,1.89,-3.03,-0.74,-1.84,-16.67,-0.17,-47.19,-1.37,1.64,0.0,2.49,9.1,1.66
New Jersey,0.09,2.06,-2.36,-2.34,-1.61,-4.88,-4.52,4.96,0.15,0.97,6.08,1.35,-6.03,-0.92,4.11,3.05,2.63,-4.9,6.42,11.81,-53.33,-12.43,20.9,-2.52,-3.5,0.0,1.06,3.43,-7.86
New Jersey,0.12,1.24,4.68,0.62,-4.43,-2.72,-7.41,2.07,2.45,-4.14,-3.77,-0.02,4.88,-0.66,7.85,5.49,0.48,-7.16,-2.57,17.65,314.29,4.07,40.68,0.54,4.01,inf,-3.08,4.25,-2.6
New Mexico,0.0,0.0,0.0,0.0,0.0,0.0,0.0,0.0,0.0,0.0,0.0,0.0,0.0,0.0,0.0,0.0,0.0,0.0,0.0,0.0,0.0,0.0,0.0,0.0,0.0,0.0,0.0,0.0,0.0
New Mexico,2.6,3.58,-39.68,11.86,0.0,4.79,-2.21,6.09,-3.82,2.98,51.98,10.45,-5.04,-29.07,5.47,-11.79,0.13,20.65,-9.06,-9.76,356.25,-14.22,103.75,9.75,-4.28,1.56,-0.52,55.16,11.4
New Mexico,0.94,1.98,-39.47,21.97,1.75,0.42,0.93,-21.55,13.53,-11.71,11.73,12.16,1.59,154.14,39.06,-34.56,-1.83,11.73,17.57,2.7,10.96,-19.77,-7.24,-6.15,11.06,-0.78,-11.46,10.12,1.97
New Mexico,1.2,0.4,82.61,1.86,21.99,0.83,5.06,-20.36,15.32,-25.68,-3.5,7.23,28.32,-9.17,8.74,70.42,9.26,1.02,-6.74,-60.53,-77.78,-24.84,-33.47,8.55,9.56,0.5,7.06,4.65,11.09
New Mexico,0.76,1.42,78.57,-23.78,-2.59,3.01,-0.26,-26.3,4.2,-8.45,23.56,-47.19,-11.56,-20.52,11.25,-24.38,-13.12,-1.57,-7.87,140.0,16.67,25.83,7.75,19.65,13.45,0.04,3.02,11.85,-17.12
New Mexico,0.47,0.97,-48.0,-49.6,4.11,7.04,-3.8,83.5,8.2,0.84,-33.5,93.62,13.81,22.75,-1.64,75.41,6.81,1.7,26.55,122.22,261.9,20.75,-7.38,-8.36,13.14,-1.81,-43.2,27.06,-33.08
New Mexico,1.0,-1.38,43.59,-9.52,-1.28,1.61,3.24,5.5,9.92,-24.53,25.37,2.2,15.21,13.52,-12.34,-6.23,10.91,-13.07,12.52,-11.25,-35.53,18.83,-2.99,-1.25,-8.37,-0.27,-11.74,-17.91,42.86
New York,0.0,0.0,0.0,0.0,0.0,0.0,0.0,0.0,0.0,0.0,0.0,0.0,0.0,0.0,0.0,0.0,0.0,0.0,0.0,0.0,0.0,0.0,0.0,0.0,0.0,0.0,0.0,0.0,0.0
New York,-1.7,2.88,2.22,-3.12,-8.58,-1.99,-3.8,-6.75,-6.06,-4.75,-4.63,-7.47,-2.53,5.48,13.83,14.2,7.04,6.47,4.85,26.67,26.32,13.95,34.99,-2.17,2.98,51.52,-8.61,-1.59,-0.45
New York,0.08,1.03,6.78,2.1,-3.27,1.04,-1.85,-2.71,0.4,1.47,2.06,0.78,7.08,1.98,3.45,2.83,2.02,-1.77,1.03,-6.6,-7.29,13.51,13.7,-3.59,0.82,-5.0,-2.64,7.11,-3.28
New York,0.08,1.33,1.5,2.12,-2.93,1.93,-0.1,0.68,1.8,-2.64,2.01,-0.83,-2.52,-1.47,1.84,-0.11,3.47,-0.7,-0.03,13.65,-8.43,5.35,-2.57,3.19,2.6,-5.26,-3.85,5.46,0.14
New York,0.21,1.1,2.64,1.34,-4.15,-2.98,-4.65,-2.23,1.61,-0.48,-0.97,-1.15,-0.46,-0.24,-3.65,6.44,2.5,-1.93,-3.08,-2.16,17.18,7.0,-11.73,-2.14,-1.48,143.33,0.24,2.72,-0.93
New York,0.25,1.34,2.87,2.43,-3.46,-2.67,-1.19,-5.85,0.14,-0.01,-4.33,7.84,-1.56,-2.0,-1.26,3.73,2.67,1.48,-2.43,2.12,-52.88,3.78,4.68,-1.35,2.09,-43.84,-2.43,3.49,-0.48
New York,0.11,1.09,-0.46,3.0,-4.36,-2.79,-5.59,-0.1,0.55,-2.84,-3.28,1.01,-0.11,-4.02,3.78,0.45,2.96,-0.9,-0.95,-7.96,120.0,-2.58,-9.69,8.03,-0.91,32.52,-3.11,3.63,0.83
North Carolina,0.0,0.0,0.0,0.0,0.0,0.0,0.0,0.0,0.0,0.0,0.0,0.0,0.0,0.0,0.0,0.0,0.0,0.0,0.0,0.0,0.0,0.0,0.0,0.0,0.0,0.0,0.0,0.0,0.0
North Carolina,1.95,12.77,16.78,23.94,7.84,5.98,3.32,-4.37,4.1,-10.21,-7.69,-11.82,18.49,10.83,13.66,8.36,14.24,7.93,14.29,3.24,8.44,20.49,-4.83,19.73,14.73,0.93,1.77,0.23,4.37
North Carolina,1.44,3.88,-19.57,-44.32,0.24,9.19,2.06,-6.06,6.1,-0.55,7.04,-11.96,14.46,11.52,7.32,-11.9,5.67,-6.77,2.99,6.77,0.92,14.19,-4.71,2.56,-5.17,42.86,39.63,0.62,-0.87
North Carolina,1.19,3.13,16.82,-7.14,-0.41,6.4,1.64,4.29,1.59,17.39,7.58,6.17,3.83,-0.61,-1.44,0.06,6.24,-6.22,3.35,-3.74,1.51,0.24,11.09,4.79,8.97,-13.87,-13.17,9.75,-7.9
North Carolina,1.08,2.32,3.59,-18.68,-1.15,-7.83,-3.05,-7.28,2.48,-3.56,-2.0,15.89,-9.35,-4.17,14.02,-0.75,5.45,-3.35,0.9,15.8,-6.69,-16.15,2.33,4.77,-1.96,-8.99,6.32,-1.58,-5.72
North Carolina,1.0,2.17,4.37,58.11,-5.1,-3.93,-3.75,12.65,-5.3,-2.56,-6.75,-34.78,-9.95,-0.8,10.61,16.38,4.06,0.87,-1.17,-5.15,6.44,-19.65,12.76,3.61,15.83,-26.34,37.88,9.9,-11.81
North Carolina,0.98,1.82,19.52,-15.38,-8.54,7.03,-2.38,-8.06,9.83,7.33,18.22,8.72,10.49,16.24,9.66,2.99,5.58,-7.44,-4.21,-3.64,-2.1,-11.89,-9.92,0.92,1.56,8.94,-4.43,5.83,2.22
North Dakota,0.0,0.0,0.0,0.0,0.0,0.0,0.0,0.0,0.0,0.0,0.0,0.0,0.0,0.0,0.0,0.0,0.0,0.0,0.0,0.0,0.0,0.0,0.0,0.0,0.0,0.0,0.0,0.0,0.0
North Dakota,3.27,-7.91,-69.88,28.57,19.64,-8.14,-0.44,87.5,18.94,7.64,16.35,0.0,-64.13,inf,-16.47,16.08,5.89,164.41,11.86,27.47,0.0,6.98,190.48,22.59,-8.74,787.5,234.78,18.22,0.0
North Dakota,1.0,-1.88,28.0,-33.33,12.69,-25.32,-4.46,-13.33,34.63,8.88,-4.05,0.0,0.0,59.62,29.58,-7.23,13.34,-9.03,-28.11,-45.69,inf,67.39,-1.64,25.91,10.51,0.0,-5.19,28.26,-2.56
North Dakota,1.4,6.17,46.88,-100.0,41.72,77.97,-2.07,30.77,4.26,-16.3,-32.68,0.0,-15.15,-31.33,-10.33,1.3,-5.21,-34.27,7.69,20.63,-42.31,11.69,-18.33,16.77,-0.63,54.93,9.59,-11.56,2.63
North Dakota,1.87,7.81,-14.89,0.0,14.95,50.48,-6.83,88.24,-1.58,-39.94,-9.48,0.0,64.29,38.6,58.79,25.64,-10.67,11.4,41.67,-30.26,-26.67,51.16,-6.12,6.92,-4.04,-8.18,17.5,38.85,-2.56
North Dakota,1.98,2.36,25.0,0.0,-2.85,98.73,-4.37,-25.0,-13.54,15.68,60.55,0.0,17.39,18.99,26.34,-41.84,16.31,3.58,34.87,-56.6,-18.18,20.0,17.39,-4.88,-1.55,15.84,-7.45,6.4,105.26
North Dakota,2.05,11.5,0.0,inf,19.25,30.25,-6.07,-16.67,9.3,38.79,20.35,0.0,27.78,47.87,53.47,-67.54,5.75,-35.56,-16.51,-8.7,55.56,29.49,-87.04,5.65,106.08,-36.75,-56.32,1.65,-33.33
Ohio,0.0,0.0,0.0,0.0,0.0,0.0,0.0,0.0,0.0,0.0,0.0,0.0,0.0,0.0,0.0,0.0,0.0,0.0,0.0,0.0,0.0,0.0,0.0,0.0,0.0,0.0,0.0,0.0,0.0
Ohio,-0.07,4.27,17.28,2.25,-5.8,-1.84,-0.21,-1.32,3.17,-10.9,-0.82,9.66,-5.75,5.75,27.75,-1.19,7.16,0.58,5.73,-9.41,-15.19,12.46,2.54,6.8,9.09,-36.36,1.14,3.81,-10.26
Ohio,0.03,0.95,-13.88,-15.27,-2.01,16.68,1.7,-5.78,2.3,-3.9,2.08,18.03,13.2,2.88,5.44,4.05,4.59,4.64,7.1,-3.74,-1.83,5.86,-4.15,1.02,9.64,-35.71,-7.34,9.16,-1.46
Ohio,0.05,0.58,-4.19,-4.94,-1.68,-4.3,-3.29,-3.68,-1.45,-2.6,-2.04,1.6,6.72,6.97,-1.4,5.44,8.98,1.93,-0.49,5.51,-5.21,-5.27,20.27,1.03,-4.34,-2.22,-1.33,4.76,4.88
Ohio,0.12,0.66,-10.45,-10.52,-3.22,-1.59,-3.66,-5.08,6.83,-7.57,-3.67,-15.73,-7.32,0.27,10.26,-4.77,5.32,-1.42,13.91,-9.83,6.68,-7.1,15.9,1.48,-0.76,34.09,-8.02,12.0,-4.28
Ohio,0.13,-0.53,12.06,-9.58,-4.6,-3.44,-4.66,-4.34,-1.08,-4.14,0.27,-7.05,16.2,3.57,3.18,-6.74,3.17,4.41,-6.93,2.68,-17.86,-10.35,-15.94,-1.86,-4.49,23.73,-4.54,10.38,1.9
Ohio,0.13,1.08,-13.14,-16.85,-7.98,13.68,-3.84,-1.06,-0.84,-5.3,-6.41,-2.23,7.25,4.87,0.76,-10.2,4.66,-1.53,3.46,8.22,9.19,8.79,-3.58,3.57,-5.95,-9.59,-6.17,4.58,-10.41
Oklahoma,0.0,0.0,0.0,0.0,0.0,0.0,0.0,0.0,0.0,0.0,0.0,0.0,0.0,0.0,0.0,0.0,0.0,0.0,0.0,0.0,0.0,0.0,0.0,0.0,0.0,0.0,0.0,0.0,0.0
Oklahoma,1.57,8.59,13.76,28.07,-12.28,-26.97,0.87,-0.18,-1.66,3.74,24.11,20.34,11.66,9.62,17.9,-3.63,9.91,-12.81,10.03,-21.15,23.4,31.99,3.67,10.45,-5.54,13.17,-0.9,-4.54,0.0
Oklahoma,0.86,3.64,-5.12,-23.29,-10.75,-5.98,-1.88,29.76,-8.95,64.54,9.14,22.54,6.9,9.47,2.88,-10.4,7.47,-7.26,4.08,62.6,28.83,-9.63,-4.23,-0.48,1.31,-39.64,-9.59,8.84,-6.72
Oklahoma,0.72,4.0,21.08,-8.93,-10.92,1.45,7.64,10.63,-8.35,26.77,7.85,-31.03,6.78,-19.89,0.36,7.98,-3.16,20.76,-0.63,-4.5,-8.02,-9.9,10.64,4.66,-9.28,-24.7,14.14,0.6,7.42
Oklahoma,0.74,3.61,37.25,-5.88,5.77,5.83,-6.95,-11.76,8.36,-5.44,38.83,43.33,-4.58,-18.16,-2.01,19.69,8.09,2.4,6.31,5.76,-4.37,-6.95,-5.57,1.6,9.42,35.2,-22.12,1.46,-0.61
Oklahoma,0.7,2.82,1.47,25.0,-12.88,25.78,-6.69,-5.16,11.12,2.11,20.98,27.91,7.77,-4.2,-2.53,3.03,2.46,-3.79,-4.29,-2.97,2.89,24.02,7.64,3.21,7.84,37.28,-28.41,5.69,29.86
Oklahoma,0.6,3.87,27.03,-40.0,20.82,2.23,-5.68,3.02,-6.13,10.73,-2.02,-10.0,-8.94,0.0,-8.54,-8.45,0.74,-2.54,-5.25,28.57,6.29,-10.74,-1.62,6.98,2.03,18.1,23.81,21.54,3.94
Oregon,0.0,0.0,0.0,0.0,0.0,0.0,0.0,0.0,0.0,0.0,0.0,0.0,0.0,0.0,0.0,0.0,0.0,0.0,0.0,0.0,0.0,0.0,0.0,0.0,0.0,0.0,0.0,0.0,0.0
Oregon,0.7,3.87,7.6,-16.15,-7.37,4.27,-2.94,-9.44,3.72,2.0,10.99,24.83,-1.03,26.0,6.33,-10.8,8.25,3.84,-8.02,8.62,-10.31,7.37,-5.62,10.26,14.66,8.32,-11.94,-2.76,-4.51
Oregon,0.83,2.87,10.82,-22.94,1.3,0.29,-4.78,11.17,-2.47,1.66,25.31,13.08,-6.1,12.54,3.19,24.4,3.25,-7.03,0.34,19.76,-48.21,-2.22,14.11,2.29,0.94,-13.54,-7.96,16.76,-7.26
Oregon,0.84,0.98,-15.54,-19.05,-6.7,14.71,0.1,-7.28,-0.16,-5.42,-5.79,1.45,13.25,1.46,9.64,23.6,7.83,-1.38,-0.78,0.1,16.32,0.13,-0.43,4.25,2.86,-24.3,35.54,7.15,1.04
Oregon,0.8,1.51,23.58,126.47,-0.46,2.14,-6.5,1.19,6.79,-7.07,-1.26,12.83,-2.74,-36.24,0.61,4.9,4.13,-4.98,-1.41,2.68,-10.33,-8.9,-6.89,4.47,0.96,0.62,-14.36,10.99,3.73
Oregon,0.8,1.58,17.18,12.99,-5.68,7.87,-6.64,-0.24,4.12,-3.55,8.83,0.63,10.73,10.95,0.02,26.69,3.75,3.19,4.07,11.16,87.98,10.52,-18.0,-5.61,10.75,-15.34,-3.03,-7.84,-8.36
Oregon,0.88,2.45,-35.67,8.05,1.77,25.77,1.94,12.38,-8.95,-11.48,-4.08,-5.86,-1.79,-19.3,17.22,-8.06,6.13,-0.56,3.78,5.98,7.99,1.61,-5.59,-3.98,-1.88,4.35,-15.13,15.58,-13.94
Pennsylvania,0.0,0.0,0.0,0.0,0.0,0.0,0.0,0.0,0.0,0.0,0.0,0.0,0.0,0.0,0.0,0.0,0.0,0.0,0.0,0.0,0.0,0.0,0.0,0.0,0.0,0.0,0.0,0.0,0.0
Pennsylvania,0.38,9.26,20.96,-10.64,-1.96,-5.61,-1.82,-3.28,-4.59,-3.56,-4.33,-4.47,8.76,17.68,18.48,11.73,11.64,-2.97,12.03,24.87,-19.05,16.05,13.33,10.13,15.13,8.0,-8.79,7.14,-10.19
Pennsylvania,0.22,2.24,4.89,6.52,-6.03,2.12,-4.5,-1.79,6.43,-2.29,11.22,13.35,1.89,-2.89,0.16,5.1,2.11,2.12,-1.17,-4.1,140.71,8.48,16.11,7.04,7.05,274.07,-0.75,6.97,-0.11
Pennsylvania,0.19,2.74,-8.79,0.15,-3.21,-0.32,-1.04,-0.96,0.23,-3.36,-2.12,-6.57,6.53,11.16,9.63,-8.09,3.64,-8.3,-4.61,9.48,-12.41,1.6,8.85,-1.68,2.16,0.99,-3.01,7.56,1.97
Pennsylvania,0.14,1.95,16.67,-6.51,-4.87,0.5,-4.22,4.12,0.39,-5.09,-3.97,-0.6,1.52,-1.61,0.19,0.41,6.91,2.31,0.84,-2.92,0.45,-6.72,-26.1,5.34,0.44,21.57,-3.45,4.37,-1.29
Pennsylvania,0.04,3.05,15.12,-8.62,-1.65,1.45,-5.67,-5.05,1.94,-6.23,0.66,0.0,-6.08,-6.12,2.43,15.19,7.19,-0.27,1.17,6.44,32.11,-6.38,15.07,-0.95,5.48,14.52,-5.89,2.0,2.42
Pennsylvania,0.04,1.41,-2.33,-10.84,-5.52,-4.18,-4.23,1.1,6.2,-0.77,-4.7,-11.93,12.65,-2.43,4.84,10.53,7.36,4.56,-2.3,-0.56,2.78,-7.19,-14.95,-0.3,-0.11,-3.52,-5.67,4.19,3.83
Puerto Rico,0.0,0.0,0.0,0.0,0.0,0.0,0.0,0.0,0.0,0.0,0.0,0.0,0.0,0.0,0.0,0.0,0.0,0.0,0.0,0.0,0.0,0.0,0.0,0.0,0.0,0.0,0.0,0.0,0.0
Puerto Rico,-7.64,-4.41,39.32,-35.29,-7.37,-4.13,2.53,-4.76,-5.56,-32.26,0.0,0.0,0.0,0.0,-5.74,0.0,18.98,-16.67,24.32,0.0,0.0,0.0,0.0,450.0,-23.08,0.0,0.0,-13.5,inf
Puerto Rico,0.8,-0.44,-32.52,72.73,-25.12,-9.83,1.1,-30.0,-7.35,19.05,0.0,0.0,-6.67,0.0,4.35,10.0,3.8,82.22,-2.17,0.0,0.0,0.0,0.0,54.55,6.67,0.0,0.0,81.46,4.62
Puerto Rico,3.11,-0.72,-44.55,-100.0,-0.66,-0.19,10.3,0.0,14.29,-28.0,0.0,0.0,0.0,0.0,-11.67,0.0,13.41,43.9,11.11,0.0,0.0,0.0,0.0,0.0,137.5,0.0,0.0,8.6,5.88
Puerto Rico,3.97,-0.98,-29.51,0.0,29.77,-3.07,-4.42,292.86,-1.39,-20.37,0.0,0.0,0.0,0.0,4.72,9.09,35.81,3.39,38.0,0.0,0.0,-100.0,0.0,96.08,-6.58,0.0,0.0,-13.86,25.0
Puerto Rico,2.72,-1.2,0.0,0.0,12.89,10.67,3.6,-7.27,-94.37,-27.91,inf,0.0,-100.0,0.0,-29.73,-100.0,5.78,-13.11,-21.74,0.0,0.0,0.0,0.0,-8.0,-5.63,0.0,0.0,7.47,4.44
Puerto Rico,2.51,-1.56,-100.0,0.0,11.87,5.18,6.2,1.96,575.0,3.23,0.0,0.0,inf,0.0,-29.49,0.0,-9.06,-8.49,-51.85,0.0,0.0,0.0,0.0,83.7,-1.49,0.0,0.0,37.17,-26.6
Rhode Island,0.0,0.0,0.0,0.0,0.0,0.0,0.0,0.0,0.0,0.0,0.0,0.0,0.0,0.0,0.0,0.0,0.0,0.0,0.0,0.0,0.0,0.0,0.0,0.0,0.0,0.0,0.0,0.0,0.0
Rhode Island,-0.25,3.52,8.56,18.46,-7.66,-2.2,-1.77,-5.09,-15.91,1.48,-5.63,0.0,28.96,37.73,-11.74,8.47,31.36,-7.97,18.8,0.07,-10.65,44.74,-16.42,9.6,7.86,13.79,93.02,10.26,10.7
Rhode Island,-0.46,1.9,6.38,20.78,-2.17,1.04,2.28,5.3,5.14,6.45,122.39,-19.14,43.64,-11.49,25.21,-17.41,-0.17,-31.27,-12.21,5.51,-1.14,19.27,14.06,-7.78,-6.39,15.15,-18.67,3.55,-11.01
Rhode Island,-0.01,1.43,1.45,5.38,1.48,-2.79,-16.79,9.04,-2.52,-5.71,76.51,-6.23,-4.42,6.06,-6.86,23.24,-0.34,26.99,-15.8,-2.11,-40.07,-10.82,4.19,16.12,20.11,5.26,-4.44,23.98,-1.01
Rhode Island,-0.16,2.63,2.9,-32.65,-9.98,-1.32,1.68,8.51,-7.23,-13.21,11.79,-14.1,0.62,-2.24,4.39,1.1,3.87,0.81,-10.67,-3.58,27.59,-10.77,1.99,-1.93,-9.51,-77.5,24.81,18.89,-0.51
Rhode Island,0.19,1.42,8.21,-30.3,-8.48,-3.35,8.57,-15.49,17.45,7.4,-14.63,0.86,-36.81,-5.01,-9.1,33.62,8.45,29.12,10.86,2.8,-8.11,-26.05,-5.71,29.43,-17.29,111.11,47.83,8.12,-15.64
Rhode Island,-0.27,1.77,5.04,-30.43,1.2,1.36,-2.43,2.04,-1.98,-3.64,-0.8,-25.83,27.67,6.15,72.09,-4.87,7.52,15.09,-17.89,-2.36,-2.45,-41.71,-17.99,14.99,-0.56,-100.0,-12.61,3.2,4.86
South Carolina,0.0,0.0,0.0,0.0,0.0,0.0,0.0,0.0,0.0,0.0,0.0,0.0,0.0,0.0,0.0,0.0,0.0,0.0,0.0,0.0,0.0,0.0,0.0,0.0,0.0,0.0,0.0,0.0,0.0
South Carolina,1.88,14.2,13.15,-5.74,3.78,-6.21,0.11,1.16,-7.58,12.35,5.54,6.96,20.6,-13.17,4.16,-1.03,1.13,6.2,11.26,43.83,-13.86,-6.46,6.07,-3.0,0.59,0.0,-2.94,-2.24,-35.71
South Carolina,1.39,2.76,2.95,-6.09,-0.53,-8.53,3.02,-1.26,1.0,-17.27,2.9,-4.07,-15.61,17.97,-7.33,8.45,6.41,10.12,21.01,27.69,-25.27,-5.13,-5.82,-2.07,0.99,150.0,7.44,-6.82,23.86
South Carolina,1.15,3.24,2.38,-17.59,13.23,19.15,1.06,-13.24,7.61,15.42,3.22,13.56,31.06,16.99,1.45,6.19,-4.31,3.63,-1.41,-10.9,78.29,11.47,-9.41,10.23,2.03,120.0,-4.74,-3.97,-20.49
South Carolina,1.1,2.85,-20.81,4.49,-1.08,10.42,-1.13,-2.89,7.59,-4.55,-7.28,-16.42,1.46,27.83,-13.72,12.86,22.12,-1.02,6.35,-16.59,9.48,-10.09,-9.85,-7.3,-4.0,-72.73,-20.19,2.41,-10.64
South Carolina,1.12,0.52,40.59,-30.11,-0.04,2.98,-3.41,-2.31,17.09,-2.82,-14.45,-35.71,-5.91,9.38,11.31,2.58,1.18,-8.14,9.72,22.74,25.89,7.37,-11.76,-0.07,5.74,0.0,5.23,-0.2,5.88
South Carolina,1.2,0.23,39.19,6.15,-2.58,0.96,-0.74,-6.14,0.4,-12.65,18.36,-16.67,4.74,10.65,10.71,8.85,5.1,-0.77,-0.8,-12.62,17.89,20.39,18.23,7.14,2.78,50.0,-14.58,14.47,14.09
South Dakota,0.0,0.0,0.0,0.0,0.0,0.0,0.0,0.0,0.0,0.0,0.0,0.0,0.0,0.0,0.0,0.0,0.0,0.0,0.0,0.0,0.0,0.0,0.0,0.0,0.0,0.0,0.0,0.0,0.0
South Dakota,-0.03,3.53,0.0,-11.11,-10.0,33.64,5.09,-25.93,-19.38,20.97,-10.18,52.63,-20.0,0.0,2.31,40.91,34.4,-5.03,33.53,216.67,31.18,30.58,67.21,-2.36,-7.11,53.33,-16.36,-11.9,20.0
South Dakota,1.02,1.92,0.0,125.0,10.37,21.68,-14.24,-1.67,35.91,54.67,-7.72,-10.34,15.0,inf,4.51,170.97,2.27,1.47,64.25,1.75,-28.28,7.59,-13.24,-30.3,4.31,-45.65,0.0,27.96,86.11
South Dakota,1.08,1.45,inf,-16.67,10.74,27.59,-10.31,25.42,-3.73,-40.52,5.75,192.31,43.48,-44.9,23.38,-4.76,21.12,-38.84,-13.64,58.62,20.0,-42.35,53.67,-8.67,-42.55,36.0,-6.52,20.0,29.85
South Dakota,1.0,5.75,50.0,20.0,61.82,-1.35,-3.48,-35.14,-9.69,-1.45,-16.44,-14.47,-48.48,85.19,-26.24,-18.75,15.69,36.49,-4.31,118.48,-74.29,128.57,-3.31,5.55,6.59,7.84,-2.33,9.88,-68.97
South Dakota,1.3,3.13,-11.11,-5.56,-3.37,-17.81,-12.92,-35.42,1.69,29.41,-4.88,-4.62,-76.47,4.0,14.62,0.0,16.43,-20.49,-2.0,-5.97,-37.04,-21.43,-34.98,-15.77,24.34,17.27,4.76,-3.51,40.74
South Dakota,1.23,0.21,12.5,11.76,17.05,-20.0,-17.38,6.45,-13.22,1.14,15.24,-64.52,400.0,-6.73,-24.14,286.15,-8.61,-9.17,-9.86,-19.58,-20.59,2.27,19.3,-20.36,31.93,-3.1,200.0,3.78,-21.05
Tennessee,0.0,0.0,0.0,0.0,0.0,0.0,0.0,0.0,0.0,0.0,0.0,0.0,0.0,0.0,0.0,0.0,0.0,0.0,0.0,0.0,0.0,0.0,0.0,0.0,0.0,0.0,0.0,0.0,0.0
Tennessee,1.14,11.91,-6.44,-24.72,-6.35,-10.91,-1.81,18.1,-6.91,0.68,17.08,-24.89,-18.33,-5.16,-5.92,19.65,5.85,-1.17,2.73,-6.57,-28.23,7.19,4.86,8.52,6.38,-36.0,-25.09,-3.73,24.44
Tennessee,0.82,4.8,22.03,-46.27,7.73,28.2,2.33,-7.3,1.95,-20.18,-3.38,-4.73,11.04,14.58,9.37,5.76,-0.79,-2.89,1.82,4.37,-47.09,3.3,-4.74,13.96,2.35,18.75,-7.58,2.36,-15.83
Tennessee,0.79,2.19,44.64,-36.11,-4.96,-2.41,-0.23,9.66,-4.12,5.83,-15.1,29.81,14.05,-7.77,2.71,6.25,1.92,-0.38,3.86,-30.56,12.04,-6.33,-2.84,8.59,1.37,0.0,4.5,9.51,23.33
Tennessee,0.79,2.17,-4.74,95.65,-0.32,2.21,-2.07,-9.11,-1.23,3.35,11.51,19.62,-7.3,11.35,6.29,-7.66,2.14,-7.97,0.72,6.81,-2.8,-15.15,-9.62,8.75,4.93,-15.79,29.62,25.44,0.58
Tennessee,0.7,2.49,-7.89,17.78,10.72,8.76,-1.24,-0.67,5.27,-14.99,-16.83,17.6,11.55,2.92,8.02,31.31,0.47,7.88,-7.41,19.43,65.38,-16.61,-1.08,-1.3,9.9,-25.0,5.27,11.59,-18.04
Tennessee,0.69,1.37,9.71,45.28,-3.82,-4.56,-2.19,-6.61,-2.75,-3.0,-27.67,-1.7,-4.92,3.05,8.3,-2.89,2.13,-5.5,1.5,8.78,-43.31,18.59,13.6,2.57,2.58,95.83,7.24,12.95,-13.7
Texas,0.0,0.0,0.0,0.0,0.0,0.0,0.0,0.0,0.0,0.0,0.0,0.0,0.0,0.0,0.0,0.0,0.0,0.0,0.0,0.0,0.0,0.0,0.0,0.0,0.0,0.0,0.0,0.0,0.0
Texas,1.74,3.82,5.16,-18.04,-8.46,7.85,2.22,-9.34,2.8,0.86,9.12,16.45,-3.51,11.1,18.24,12.09,8.52,2.74,10.09,7.52,-27.59,7.0,2.17,13.26,8.75,-14.63,0.0,3.39,-0.9
Texas,1.75,2.28,12.55,-6.84,1.0,7.0,-2.14,-1.23,10.71,-9.33,5.28,-12.75,7.66,0.25,5.46,3.86,2.69,1.48,0.92,6.16,-4.76,1.36,-9.41,3.89,4.77,4.82,22.56,1.92,-1.77
Texas,1.49,2.27,10.44,-9.17,7.03,5.07,2.16,2.74,7.34,-0.19,-6.4,2.13,2.51,8.1,6.62,3.42,3.33,3.07,5.33,-7.53,-25.26,-7.7,1.56,2.5,4.99,48.89,20.34,12.06,5.41
Texas,1.64,1.97,13.74,-41.67,-7.48,9.19,-4.29,6.88,2.7,5.27,-3.1,11.29,9.68,1.27,3.96,1.9,3.42,-1.24,-0.39,2.98,170.42,-2.47,-2.92,3.86,3.96,16.82,-3.07,1.94,4.84
Texas,1.6,2.05,10.17,13.42,8.66,9.72,-2.84,-6.15,5.16,8.01,-2.56,5.63,4.04,0.58,3.65,8.94,4.44,0.08,4.76,6.61,-10.94,4.08,-1.54,2.36,3.51,23.21,8.13,7.57,3.27
Texas,1.62,1.76,11.02,48.47,0.48,8.28,-2.32,3.09,4.33,-3.62,-5.25,-1.78,6.6,1.37,9.83,5.46,5.57,3.98,-2.61,-1.22,4.09,-0.62,-3.15,1.85,5.03,-7.55,5.42,6.98,2.56
Utah,0.0,0.0,0.0,0.0,0.0,0.0,0.0,0.0,0.0,0.0,0.0,0.0,0.0,0.0,0.0,0.0,0.0,0.0,0.0,0.0,0.0,0.0,0.0,0.0,0.0,0.0,0.0,0.0,0.0
Utah,-0.05,5.22,24.0,-64.71,-3.45,-5.14,-8.61,-13.5,-0.56,-18.53,-3.57,-7.97,-23.89,71.17,-28.87,15.9,7.65,-3.64,8.32,0.11,42.06,-3.3,-1.26,-9.35,0.47,-5.72,-12.72,-8.16,14.08
Utah,2.13,3.39,-10.65,-16.67,12.39,3.12,1.92,0.0,-1.8,15.32,6.2,27.8,23.7,41.58,35.09,-20.51,-2.19,3.2,14.88,1.67,-30.82,21.65,-2.6,11.8,9.36,-3.2,-3.05,28.66,55.56
Utah,1.88,3.9,46.21,-20.0,-3.61,-4.25,-6.57,-5.56,-5.76,-14.93,12.72,-0.71,5.7,-5.57,6.22,-23.39,1.08,1.46,-0.3,-10.94,52.84,-14.55,-12.34,-2.91,1.88,-1.08,-30.42,12.22,-4.37
Utah,2.0,1.57,0.49,-25.0,-9.7,-0.93,-1.07,-3.89,8.08,50.89,-7.93,-13.37,-8.33,-10.72,-11.95,15.16,6.81,-5.95,-6.47,9.78,-10.0,-1.73,-9.21,9.99,0.8,-8.34,57.79,26.87,0.0
Utah,1.57,3.82,-4.91,-100.0,-9.3,0.31,-5.66,1.98,-2.4,5.02,-5.6,7.39,33.13,6.01,15.62,23.95,4.74,5.1,-6.59,6.08,-16.83,15.39,32.64,12.12,-7.03,-0.45,14.33,17.81,32.37
Utah,1.69,2.81,-22.48,0.0,-2.73,2.98,-3.43,5.33,-3.04,-10.67,-3.94,13.76,14.68,-21.25,-1.15,8.11,-1.42,7.0,-0.32,-12.14,-47.33,13.03,21.49,4.66,15.65,-9.97,-4.46,26.97,-10.03
Vermont,0.0,0.0,0.0,0.0,0.0,0.0,0.0,0.0,0.0,0.0,0.0,0.0,0.0,0.0,0.0,0.0,0.0,0.0,0.0,0.0,0.0,0.0,0.0,0.0,0.0,0.0,0.0,0.0,0.0
Vermont,0.47,7.11,54.55,-100.0,0.27,5.0,-5.93,8.42,16.19,0.92,6.89,0.0,3.03,337.21,-15.92,1.3,9.98,-32.64,6.04,28.26,0.0,-14.62,63.16,47.76,36.02,-13.33,-28.69,-3.75,23.96
Vermont,0.37,-2.3,17.65,inf,-14.85,0.45,-4.84,-16.5,-34.53,0.36,-6.16,15.38,-17.65,-1.06,-72.78,16.24,6.03,-1.37,2.96,16.95,0.0,-16.44,3.23,5.37,-5.14,-38.46,-10.34,-26.46,2.52
Vermont,0.03,1.41,-5.0,9.09,9.44,-22.8,0.5,-9.3,18.83,14.16,7.62,130.0,14.29,-1.61,15.22,-22.79,-0.65,15.68,29.42,-81.16,0.0,4.92,106.25,2.32,40.83,-12.5,-37.18,53.41,14.75
Vermont,0.19,-3.78,0.0,491.67,4.09,0.0,-1.49,21.15,6.5,12.24,-16.13,-37.68,17.19,-9.84,132.08,-52.38,-3.49,-13.25,-25.47,-69.23,0.0,10.94,42.42,11.68,43.79,-42.86,12.24,14.81,-10.71
Vermont,0.13,2.17,178.95,7.04,5.62,18.71,0.5,-2.65,6.85,-2.69,-9.62,18.6,37.33,-13.33,102.44,121.0,-7.29,-3.82,-23.62,-25.0,0.0,-5.63,-16.49,-11.76,11.52,-100.0,-29.09,-9.46,-32.8
Vermont,-0.07,1.03,49.06,-6.58,4.12,-20.69,3.97,7.61,12.67,-9.02,23.96,-5.88,9.71,-72.03,-14.06,-24.43,6.76,12.27,60.96,0.0,0.0,10.45,15.29,-14.71,-15.5,0.0,110.26,58.67,-7.14
Virginia,0.0,0.0,0.0,0.0,0.0,0.0,0.0,0.0,0.0,0.0,0.0,0.0,0.0,0.0,0.0,0.0,0.0,0.0,0.0,0.0,0.0,0.0,0.0,0.0,0.0,0.0,0.0,0.0,0.0
Virginia,0.8,10.68,12.14,30.36,-2.49,-1.05,-0.83,4.17,5.95,-2.4,4.47,16.58,2.4,10.68,24.49,10.3,12.49,-1.06,10.54,11.5,-35.0,4.86,18.04,12.18,5.88,-8.33,7.51,3.22,3.1
Virginia,0.85,3.01,5.06,0.0,4.59,2.16,4.45,-3.46,5.76,6.69,-0.44,4.74,-0.43,22.07,6.63,3.42,-1.53,0.03,0.21,-9.49,42.31,-2.02,0.31,3.61,0.47,-17.65,-1.02,7.85,4.88
Virginia,0.8,2.63,-1.78,21.12,-5.27,-0.69,4.64,1.7,3.76,-9.11,-0.47,3.25,6.39,11.08,1.25,6.84,0.0,2.86,-0.84,16.33,197.3,6.24,11.3,0.83,3.54,18.18,-7.47,14.79,-2.79
Virginia,0.88,2.12,13.25,-35.9,-0.12,5.15,3.4,-3.52,1.86,-10.81,13.52,-12.72,-0.59,7.32,-1.3,2.01,5.25,2.01,-2.01,4.34,6.82,0.03,-20.83,0.49,2.18,-9.34,-17.31,6.81,-0.37
Virginia,0.76,2.23,6.76,-18.8,0.52,3.87,-3.17,-2.5,11.66,3.19,7.86,-13.72,6.56,4.63,0.97,8.5,5.53,-3.19,0.01,-4.71,20.85,4.16,-6.78,0.22,3.96,-24.24,-3.3,6.91,20.84
Virginia,0.65,1.56,-0.18,-41.38,-7.66,4.72,-1.23,-8.43,-1.84,-3.31,2.28,-0.66,5.07,14.23,0.13,6.3,4.46,1.24,-0.11,1.97,10.56,4.23,-16.19,5.29,2.31,1.6,7.86,7.73,-4.28
Washington,0.0,0.0,0.0,0.0,0.0,0.0,0.0,0.0,0.0,0.0,0.0,0.0,0.0,0.0,0.0,0.0,0.0,0.0,0.0,0.0,0.0,0.0,0.0,0.0,0.0,0.0,0.0,0.0,0.0
Washington,0.46,10.42,26.79,22.05,3.56,-11.26,-2.19,14.08,1.73,-0.2,1.12,23.28,4.71,25.43,13.3,12.74,9.2,4.09,7.55,12.99,15.77,19.09,1.16,9.83,3.2,44.57,0.89,22.29,-16.7
Washington,1.06,2.27,-18.49,10.5,1.76,6.08,-0.99,-6.51,3.9,2.81,6.02,15.4,7.68,-8.7,3.67,11.23,4.92,-2.19,0.3,14.25,-13.79,5.14,-3.95,0.94,2.03,-24.56,2.51,8.6,8.8
Washington,0.82,3.7,7.36,-18.63,4.32,7.22,-2.01,-1.84,5.24,-4.54,5.53,-7.54,10.63,28.39,-2.21,-6.42,4.39,3.17,-2.54,2.84,4.78,-5.36,-1.33,3.2,4.66,-0.66,-1.32,12.07,5.36
Washington,0.77,2.97,5.21,-7.48,-0.15,5.97,0.55,4.8,5.29,-1.55,-8.71,-4.57,3.38,4.12,12.7,5.99,0.64,1.71,-2.85,7.26,-2.44,2.0,-0.34,4.47,1.04,12.04,-5.62,15.19,4.24
Washington,0.9,2.5,1.83,6.57,-8.09,4.37,-3.69,-4.58,0.93,-1.45,4.13,34.27,-3.11,6.07,14.19,14.83,2.64,-4.4,2.86,4.18,-24.48,1.66,1.56,3.27,2.79,-37.91,-1.49,10.18,12.8
Washington,1.17,2.15,19.59,-22.75,-8.75,3.37,-3.72,-10.25,0.29,-0.97,1.21,-11.9,0.05,0.63,14.12,1.59,6.86,3.7,-2.05,-0.85,4.26,0.02,-2.5,-0.73,0.16,19.71,-3.89,9.67,5.96
West Virginia,0.0,0.0,0.0,0.0,0.0,0.0,0.0,0.0,0.0,0.0,0.0,0.0,0.0,0.0,0.0,0.0,0.0,0.0,0.0,0.0,0.0,0.0,0.0,0.0,0.0,0.0,0.0,0.0,0.0
West Virginia,1.86,3.24,-100.0,0.0,-6.01,19.83,-4.69,10.87,4.44,-29.43,22.13,0.0,-43.75,-23.4,-24.77,-12.22,9.29,-19.37,-2.49,-28.57,0.0,44.64,inf,7.01,-11.89,68.0,-19.54,33.78,24.83
West Virginia,0.28,-2.63,inf,0.0,9.25,40.29,23.82,-17.65,-4.45,-2.47,60.4,0.0,97.78,-34.17,11.04,0.8,12.83,-10.76,22.2,0.0,0.0,-14.23,37.5,3.03,-18.1,-100.0,-1.43,-5.78,-26.34
West Virginia,0.18,1.71,-30.0,0.0,-2.05,-37.78,1.47,6.35,16.31,12.68,2.93,0.0,-7.12,-4.22,-23.39,18.74,13.15,-14.03,33.33,-6.67,0.0,12.85,254.55,-5.3,4.04,0.0,34.78,13.46,11.68
West Virginia,0.17,3.51,14.29,0.0,-12.27,6.87,-2.46,0.75,38.43,18.65,-11.38,0.0,43.55,30.84,-12.02,-30.07,2.11,-1.31,-11.18,14.29,0.0,-2.9,56.41,8.21,11.03,inf,-3.76,-2.86,3.27
West Virginia,0.09,-2.06,2212.5,inf,-4.06,7.97,3.77,-5.43,-13.55,-7.86,23.85,0.0,62.64,5.72,-29.51,-15.68,7.82,4.46,7.62,-75.0,0.0,-12.79,-6.56,18.28,13.06,0.0,-21.23,-4.34,-2.53
West Virginia,-0.21,1.7,16.22,550.0,-5.06,-15.71,3.97,0.26,-11.42,59.41,17.04,0.0,54.06,2.55,85.27,9.58,6.31,7.91,-4.72,-100.0,0.0,-27.87,5.26,22.35,-5.04,27.27,6.38,1.4,-40.26
Wisconsin,0.0,0.0,0.0,0.0,0.0,0.0,0.0,0.0,0.0,0.0,0.0,0.0,0.0,0.0,0.0,0.0,0.0,0.0,0.0,0.0,0.0,0.0,0.0,0.0,0.0,0.0,0.0,0.0,0.0
Wisconsin,0.5,6.24,-16.8,3.88,-6.35,8.45,-3.01,6.42,3.98,-4.45,0.08,-13.94,12.03,-3.22,4.09,17.31,4.0,-8.5,7.39,22.46,7.21,-12.21,17.6,-1.77,2.73,4.88,-7.23,3.97,-7.84
Wisconsin,0.39,1.33,-18.32,-1.49,1.87,-5.61,0.58,0.27,-3.98,-8.96,-1.66,1.85,3.54,10.96,3.97,11.56,10.31,-8.55,-0.02,5.99,2.49,-11.35,-2.41,-0.07,9.3,123.26,-1.95,12.12,2.32
Wisconsin,0.37,0.93,-28.9,-8.33,-4.84,15.36,-1.61,-9.91,-0.76,-4.51,2.81,21.82,-15.51,-14.43,10.18,5.52,6.46,-0.81,-1.84,-29.87,2.87,-11.72,-2.27,6.29,2.26,2.08,-2.39,1.28,27.96
Wisconsin,0.36,1.74,35.83,-26.45,-8.37,-3.58,-0.71,-10.96,-5.61,-10.95,-5.97,-4.1,10.13,6.44,-3.19,1.66,2.95,5.56,-3.91,35.2,2.79,-12.26,-5.13,17.98,-1.22,15.31,10.79,14.21,6.0
Wisconsin,0.41,0.43,-15.75,26.97,-9.78,19.23,-0.14,-7.88,-6.1,-3.38,3.13,27.63,-0.11,-21.5,16.79,11.95,2.49,7.23,-4.72,12.53,4.59,16.41,-26.52,9.82,-0.16,-15.93,6.99,9.31,-15.97
Wisconsin,0.32,0.92,4.67,-11.5,-5.09,6.85,-3.68,-6.82,-4.4,-3.62,-8.7,5.79,17.61,2.6,3.58,4.79,3.25,10.45,1.72,-2.81,4.74,3.5,-21.22,2.86,4.43,-17.89,4.81,0.88,-7.62
Wyoming,0.0,0.0,0.0,0.0,0.0,0.0,0.0,0.0,0.0,0.0,0.0,0.0,0.0,0.0,0.0,0.0,0.0,0.0,0.0,0.0,0.0,0.0,0.0,0.0,0.0,0.0,0.0,0.0,0.0
Wyoming,3.86,12.79,0.0,0.0,4.33,101.56,-6.95,-9.98,-9.0,26.04,-15.62,-45.83,15.46,30.56,-5.56,-22.86,14.18,14.2,-16.28,0.0,0.0,-14.29,0.0,24.19,18.09,90.48,-70.37,-44.54,34.48
Wyoming,1.68,0.11,0.0,0.0,-12.46,38.76,0.79,-22.92,7.49,-10.74,-9.26,-100.0,4.46,42.55,5.88,17.28,-5.56,-21.08,56.25,0.0,0.0,133.33,0.0,19.48,7.66,-13.75,212.5,6.06,-5.13
Wyoming,1.13,9.54,0.0,0.0,10.58,17.6,-2.17,-9.15,-33.08,-28.7,2.04,0.0,-35.04,-38.81,-14.81,-21.05,-1.21,0.0,34.67,0.0,0.0,87.5,0.0,-23.91,29.64,136.23,-28.0,68.57,-10.81
Wyoming,1.39,-0.89,inf,-100.0,-15.51,20.43,-7.06,-3.96,27.88,37.66,-18.0,0.0,65.79,-48.78,-36.96,12.0,28.72,-20.89,13.2,0.0,inf,53.33,inf,128.57,-4.88,-0.61,322.22,-1.69,-12.12
Wyoming,0.97,2.43,-33.33,0.0,29.3,-29.19,-5.76,-45.32,16.57,-3.77,-36.59,0.0,37.3,-4.76,-100.0,14.29,25.99,-8.23,-1.17,0.0,-36.67,-1.24,-50.0,28.75,14.74,-8.02,-3.95,72.41,-68.97
Wyoming,0.6,5.68,50.0,0.0,-8.76,-17.83,-2.27,-33.56,-1.5,-34.31,50.0,0.0,5.78,-95.0,inf,-13.54,-3.78,8.96,21.24,inf,31.58,40.88,200.0,69.9,-15.5,-4.7,26.03,21.0,100.0
