Name,English only,Spanish,French,Yaddish,French Creole,Italian,Portuguese,German,Greek,Russian,Polish,Serbo-Croatian,Armenian,Persian,Gujarati,Hindi,Urdu,Chinese,Japanese,Korean,Mon-Khmer,Hmong,Thai,Laotian,Vietnamese,Tagalog,Navajo,Hungarian,Arabic,Hebrew,state,Year
Illinois,9360559.0,1476535.0,35996.0,2350.0,4792.0,43136.0,5812.0,52520.0,38335.0,40826.0,194583.0,32256.0,2653.0,6274.0,33595.0,32344.0,40154.0,79010.0,12759.0,47028.0,2832.0,500.0,5788.0,4630.0,19372.0,73509.0,99.0,3539.0,43625.0,5898.0,17,2009
Illinois,9315206.0,1517245.0,34665.0,1975.0,4745.0,40962.0,6650.0,49662.0,36371.0,40795.0,190192.0,28639.0,2425.0,6237.0,37809.0,34618.0,41738.0,83993.0,12952.0,48316.0,3060.0,430.0,6209.0,5460.0,19783.0,77002.0,95.0,3405.0,45793.0,5770.0,17,2010
Illinois,9324625.0,1545592.0,34943.0,1830.0,4820.0,41374.0,6565.0,47876.0,34835.0,41086.0,186227.0,28187.0,2469.0,7243.0,39058.0,36971.0,40448.0,87227.0,12602.0,49951.0,3272.0,352.0,6868.0,5301.0,20998.0,77727.0,107.0,3031.0,49893.0,6579.0,17,2011
Illinois,9329971.0,1561322.0,35159.0,1869.0,5261.0,40018.0,6895.0,47381.0,33322.0,41695.0,185433.0,30037.0,2436.0,6576.0,41457.0,38555.0,42177.0,91276.0,12362.0,49052.0,3034.0,269.0,6781.0,4316.0,21001.0,77739.0,72.0,3062.0,51497.0,6325.0,17,2012
Illinois,9342837.0,1570809.0,35613.0,1372.0,4727.0,40223.0,6699.0,45782.0,33302.0,41404.0,185121.0,31264.0,2794.0,6628.0,41596.0,37982.0,42613.0,94966.0,12611.0,49323.0,3650.0,415.0,7266.0,3931.0,20907.0,80655.0,53.0,2928.0,56524.0,6666.0,17,2013
Illinois,9347280.0,1586555.0,34492.0,1593.0,4500.0,38248.0,6838.0,44282.0,32100.0,41308.0,185087.0,30877.0,2475.0,6649.0,42759.0,40978.0,43617.0,96996.0,12494.0,47835.0,3333.0,464.0,6871.0,4202.0,20452.0,84242.0,53.0,2695.0,59626.0,6420.0,17,2014
Illinois,9332252.0,1600975.0,35043.0,1242.0,4442.0,36751.0,6706.0,42272.0,31451.0,41561.0,182179.0,31872.0,2202.0,6839.0,43284.0,42361.0,45658.0,101460.0,12785.0,47422.0,3462.0,504.0,6916.0,4228.0,20683.0,84223.0,16.0,3016.0,61541.0,6099.0,17,2015
Indiana,5464666.0,245303.0,14688.0,77.0,624.0,3691.0,1764.0,35090.0,4292.0,5799.0,4942.0,6822.0,193.0,953.0,2515.0,4610.0,2135.0,16233.0,5647.0,6469.0,1071.0,38.0,1203.0,1255.0,5962.0,5865.0,73.0,1238.0,5922.0,971.0,18,2009
Indiana,5514295.0,264317.0,13834.0,156.0,854.0,3909.0,1841.0,35711.0,4407.0,5539.0,5144.0,7498.0,202.0,1121.0,3158.0,6017.0,2225.0,18884.0,5282.0,6637.0,907.0,134.0,1260.0,989.0,5736.0,6567.0,38.0,1078.0,6882.0,1014.0,18,2010
Indiana,5544084.0,267472.0,13167.0,180.0,1250.0,3473.0,2020.0,36229.0,3951.0,5276.0,5309.0,7233.0,172.0,1346.0,3702.0,5752.0,2498.0,18965.0,5284.0,7132.0,1145.0,85.0,1251.0,956.0,5694.0,6715.0,114.0,899.0,7719.0,1111.0,18,2011
Indiana,5566819.0,271917.0,13150.0,219.0,1138.0,3368.0,1792.0,36229.0,4258.0,4819.0,4983.0,7131.0,142.0,1290.0,3565.0,6407.0,3101.0,21535.0,5081.0,7675.0,1136.0,83.0,1388.0,620.0,5720.0,6145.0,135.0,934.0,8492.0,1233.0,18,2012
Indiana,5588460.0,277381.0,13911.0,185.0,1438.0,3574.0,1878.0,35409.0,4391.0,4835.0,4965.0,7265.0,122.0,1480.0,4007.0,7225.0,3573.0,23119.0,5857.0,7588.0,1060.0,237.0,975.0,670.0,4951.0,5667.0,133.0,995.0,9017.0,1231.0,18,2013
Indiana,5614514.0,280273.0,12936.0,127.0,1656.0,3751.0,1751.0,34368.0,3764.0,4209.0,4627.0,6041.0,138.0,1503.0,3911.0,7473.0,3599.0,24702.0,6052.0,7384.0,1229.0,257.0,1008.0,679.0,5506.0,6530.0,73.0,885.0,9623.0,1113.0,18,2014
Indiana,5636420.0,282611.0,11873.0,55.0,1492.0,3359.0,2368.0,33698.0,4031.0,3817.0,4427.0,5733.0,142.0,1396.0,3729.0,7077.0,4245.0,26029.0,5658.0,7389.0,1296.0,344.0,918.0,642.0,6323.0,7225.0,92.0,911.0,9986.0,1184.0,18,2015
Iowa,2603189.0,98953.0,4821.0,60.0,136.0,1072.0,892.0,13073.0,497.0,1951.0,910.0,7441.0,41.0,486.0,342.0,1678.0,557.0,6455.0,1445.0,2486.0,334.0,189.0,1255.0,3437.0,7452.0,2181.0,28.0,104.0,2433.0,180.0,19,2009
Iowa,2625703.0,106888.0,5311.0,122.0,122.0,1067.0,708.0,12803.0,394.0,1922.0,812.0,7668.0,45.0,493.0,368.0,1758.0,629.0,7289.0,1358.0,2771.0,414.0,108.0,1404.0,3702.0,8258.0,2095.0,37.0,128.0,3236.0,279.0,19,2010
Iowa,2635601.0,109822.0,5158.0,103.0,107.0,1087.0,641.0,12434.0,463.0,1944.0,690.0,7761.0,75.0,371.0,575.0,2539.0,644.0,7767.0,1127.0,3289.0,430.0,223.0,1373.0,3594.0,8242.0,2333.0,39.0,130.0,3359.0,200.0,19,2011
Iowa,2645884.0,111984.0,5458.0,177.0,38.0,1095.0,695.0,12652.0,468.0,2174.0,569.0,7713.0,93.0,400.0,557.0,2781.0,520.0,8670.0,1158.0,2936.0,519.0,309.0,1243.0,3984.0,8456.0,2358.0,54.0,96.0,4210.0,305.0,19,2012
Iowa,2657355.0,113173.0,5458.0,253.0,31.0,1083.0,668.0,12482.0,562.0,1936.0,522.0,8635.0,122.0,327.0,532.0,2628.0,806.0,9858.0,1142.0,3037.0,528.0,299.0,1679.0,4039.0,7499.0,2348.0,39.0,82.0,4593.0,268.0,19,2013
Iowa,2668657.0,113588.0,5001.0,187.0,120.0,1079.0,779.0,12428.0,540.0,2052.0,427.0,8253.0,76.0,291.0,711.0,3136.0,758.0,10233.0,1416.0,3073.0,460.0,651.0,1523.0,4228.0,7410.0,2542.0,5.0,109.0,5873.0,405.0,19,2014
Iowa,2681327.0,114553.0,4739.0,219.0,294.0,1036.0,833.0,12492.0,555.0,1718.0,496.0,8481.0,128.0,321.0,792.0,3357.0,843.0,11438.0,1379.0,2972.0,513.0,747.0,1454.0,4214.0,7397.0,2616.0,0.0,117.0,5346.0,308.0,19,2015
Kansas,2323882.0,166513.0,5710.0,186.0,378.0,1219.0,1092.0,13988.0,412.0,2161.0,482.0,1022.0,73.0,1235.0,1158.0,2253.0,1352.0,8188.0,1617.0,3858.0,673.0,1365.0,795.0,3836.0,10739.0,2762.0,129.0,90.0,3134.0,343.0,20,2009
Kansas,2335053.0,182110.0,5347.0,164.0,402.0,1425.0,1150.0,13835.0,397.0,2312.0,397.0,815.0,88.0,1152.0,1039.0,2609.0,1108.0,9776.0,1631.0,3874.0,656.0,1639.0,952.0,4401.0,11112.0,3083.0,171.0,142.0,3247.0,358.0,20,2010
Kansas,2347524.0,186525.0,5266.0,90.0,452.0,1412.0,1373.0,13448.0,316.0,2775.0,440.0,588.0,70.0,1338.0,919.0,2579.0,936.0,9893.0,1785.0,3763.0,759.0,1494.0,868.0,3776.0,12137.0,3291.0,418.0,168.0,3809.0,436.0,20,2011
Kansas,2359914.0,191117.0,5387.0,68.0,518.0,1339.0,1380.0,13513.0,361.0,2708.0,509.0,639.0,96.0,1571.0,644.0,2677.0,900.0,9921.0,1723.0,3484.0,882.0,1456.0,717.0,3397.0,12450.0,3685.0,490.0,123.0,4270.0,298.0,20,2012
Kansas,2371428.0,195103.0,4847.0,70.0,337.0,1058.0,1342.0,13095.0,351.0,2860.0,469.0,675.0,113.0,1485.0,575.0,2919.0,1203.0,10714.0,1918.0,3556.0,655.0,1474.0,663.0,3672.0,12557.0,3786.0,641.0,172.0,4607.0,439.0,20,2013
Kansas,2381572.0,197689.0,4437.0,67.0,276.0,948.0,1468.0,12639.0,332.0,2796.0,346.0,666.0,91.0,1783.0,729.0,2975.0,1260.0,10952.0,1987.0,3319.0,800.0,1398.0,808.0,4072.0,12594.0,3813.0,620.0,194.0,4858.0,333.0,20,2014
Kansas,2387898.0,201948.0,4471.0,20.0,304.0,743.0,1375.0,11420.0,345.0,2435.0,401.0,608.0,67.0,1740.0,799.0,3257.0,1261.0,11134.0,2283.0,3226.0,1271.0,1274.0,844.0,3437.0,13747.0,3621.0,661.0,221.0,5282.0,422.0,20,2015
Kentucky,3796142.0,89070.0,8480.0,50.0,454.0,1146.0,987.0,13497.0,1003.0,2529.0,731.0,4643.0,66.0,965.0,1226.0,2288.0,1086.0,6367.0,5145.0,2655.0,434.0,87.0,454.0,387.0,3722.0,3416.0,0.0,332.0,3535.0,232.0,21,2009
Kentucky,3822840.0,96868.0,7852.0,58.0,479.0,1220.0,1014.0,12991.0,959.0,2212.0,833.0,5402.0,111.0,989.0,994.0,2368.0,1196.0,6586.0,4874.0,2865.0,548.0,61.0,493.0,557.0,4566.0,3474.0,0.0,131.0,4130.0,235.0,21,2010
Kentucky,3845240.0,99979.0,8049.0,43.0,462.0,1262.0,1084.0,13010.0,859.0,2071.0,735.0,5221.0,137.0,873.0,1107.0,2680.0,1082.0,6943.0,4858.0,2978.0,963.0,126.0,818.0,543.0,4545.0,3122.0,13.0,224.0,4906.0,135.0,21,2011
Kentucky,3862744.0,102950.0,7946.0,120.0,419.0,1150.0,938.0,12547.0,648.0,2066.0,686.0,5218.0,147.0,889.0,1142.0,2785.0,1091.0,7879.0,4736.0,3072.0,1044.0,65.0,767.0,630.0,4840.0,3154.0,14.0,257.0,5707.0,211.0,21,2012
Kentucky,3879829.0,104471.0,8031.0,109.0,465.0,943.0,771.0,13016.0,802.0,2108.0,535.0,5067.0,145.0,1021.0,1266.0,2429.0,1245.0,8260.0,4813.0,3091.0,1122.0,86.0,843.0,423.0,4964.0,2885.0,13.0,299.0,6715.0,347.0,21,2013
Kentucky,3899799.0,103832.0,7988.0,156.0,404.0,971.0,683.0,12705.0,677.0,1918.0,567.0,5105.0,153.0,1217.0,1742.0,2575.0,1269.0,8658.0,4688.0,3241.0,903.0,81.0,1010.0,572.0,4930.0,2767.0,16.0,305.0,7241.0,372.0,21,2014
Kentucky,3910830.0,105529.0,7760.0,129.0,560.0,1096.0,731.0,13457.0,752.0,2264.0,499.0,4456.0,119.0,1281.0,2219.0,2906.0,1349.0,8769.0,4415.0,3206.0,1027.0,79.0,1012.0,480.0,4374.0,3357.0,93.0,288.0,7863.0,375.0,21,2015
Michigan,8559468.0,285293.0,28486.0,1427.0,901.0,21113.0,3192.0,44425.0,9010.0,11631.0,30113.0,13745.0,2853.0,3185.0,8527.0,13474.0,9664.0,35168.0,13921.0,15239.0,1422.0,5541.0,1721.0,2717.0,14709.0,13789.0,88.0,3136.0,100060.0,2615.0,26,2009
Michigan,8507947.0,274586.0,27451.0,1002.0,1072.0,20227.0,3440.0,42366.0,8711.0,11606.0,26966.0,13150.0,3049.0,2907.0,8809.0,14408.0,11244.0,37528.0,14061.0,15460.0,1576.0,5312.0,1548.0,2893.0,15009.0,14516.0,75.0,2985.0,96596.0,2388.0,26,2010
Michigan,8482171.0,272162.0,26160.0,988.0,949.0,20399.0,3285.0,42415.0,8497.0,11955.0,26146.0,13485.0,2809.0,2456.0,8777.0,14790.0,11125.0,39141.0,12759.0,15939.0,1730.0,4516.0,1721.0,2532.0,15354.0,15586.0,99.0,2881.0,101171.0,2539.0,26,2011
Michigan,8463248.0,270604.0,25751.0,668.0,1400.0,20334.0,3733.0,40841.0,8469.0,11913.0,25070.0,13112.0,2598.0,2913.0,9146.0,16228.0,11205.0,38222.0,12046.0,15704.0,1793.0,4811.0,1825.0,2010.0,14800.0,15875.0,120.0,2681.0,106506.0,2772.0,26,2012
Michigan,8457581.0,270708.0,25011.0,579.0,1600.0,19934.0,4031.0,39503.0,7887.0,11819.0,23042.0,13009.0,2284.0,2644.0,9355.0,16340.0,11294.0,39273.0,12022.0,15356.0,1511.0,4887.0,1447.0,2137.0,15130.0,16903.0,102.0,2510.0,111944.0,2629.0,26,2013
Michigan,8464978.0,268162.0,24064.0,546.0,1818.0,19073.0,4294.0,37316.0,8250.0,11754.0,21922.0,13131.0,2238.0,2876.0,9845.0,16022.0,11602.0,40979.0,11192.0,16186.0,1462.0,4871.0,1501.0,2218.0,14884.0,16799.0,72.0,2363.0,118004.0,2471.0,26,2014
Michigan,8465054.0,272194.0,22691.0,702.0,1590.0,18929.0,4429.0,36132.0,7906.0,11360.0,21349.0,13829.0,2406.0,2977.0,9236.0,16350.0,11903.0,44822.0,11363.0,16150.0,1229.0,4100.0,1525.0,2393.0,15378.0,16237.0,13.0,2269.0,122318.0,2424.0,26,2015
Minnesota,4367990.0,168370.0,14479.0,302.0,452.0,2300.0,2121.0,26271.0,1128.0,13635.0,3632.0,3805.0,147.0,1639.0,1295.0,6180.0,2483.0,15915.0,3354.0,5641.0,6111.0,46398.0,1521.0,9353.0,18233.0,5549.0,24.0,630.0,7921.0,1612.0,27,2009
Minnesota,4386970.0,183397.0,14502.0,255.0,528.0,2473.0,2381.0,25342.0,1175.0,13447.0,3519.0,3458.0,145.0,1607.0,1454.0,6700.0,2469.0,17695.0,3798.0,5443.0,6981.0,53058.0,1992.0,9736.0,19307.0,5260.0,29.0,592.0,8806.0,1546.0,27,2010
Minnesota,4409729.0,186833.0,14698.0,385.0,692.0,2344.0,2380.0,25106.0,1263.0,14089.0,3533.0,3796.0,155.0,1402.0,1440.0,6978.0,2128.0,19178.0,3891.0,5563.0,6936.0,53879.0,1599.0,9111.0,20286.0,5395.0,16.0,569.0,8570.0,1208.0,27,2011
Minnesota,4432890.0,190520.0,15665.0,362.0,980.0,2439.0,2300.0,25356.0,1132.0,14147.0,3419.0,3619.0,75.0,1552.0,1916.0,7119.0,2634.0,20594.0,3616.0,5763.0,5756.0,54790.0,1865.0,9007.0,21262.0,5753.0,62.0,558.0,8805.0,1093.0,27,2012
Minnesota,4460951.0,192113.0,14925.0,145.0,1088.0,2503.0,2414.0,24277.0,1142.0,14039.0,2923.0,3948.0,32.0,1653.0,1894.0,6998.0,2660.0,21193.0,3743.0,6000.0,5732.0,55037.0,2226.0,9900.0,21640.0,5633.0,84.0,467.0,9732.0,1119.0,27,2013
Minnesota,4485551.0,193111.0,15072.0,202.0,1341.0,2419.0,2443.0,23258.0,1080.0,14106.0,2790.0,4351.0,37.0,1537.0,2400.0,7147.0,2539.0,22266.0,3450.0,5070.0,7388.0,57513.0,1864.0,9664.0,21915.0,5612.0,48.0,449.0,10703.0,1125.0,27,2014
Minnesota,4510229.0,194121.0,14995.0,267.0,1493.0,2191.0,2549.0,22315.0,957.0,14532.0,2592.0,4374.0,40.0,1807.0,2692.0,6881.0,2774.0,22715.0,3225.0,5469.0,6927.0,58833.0,1646.0,9460.0,23092.0,6051.0,67.0,517.0,11473.0,1045.0,27,2015
Missouri,5194805.0,143179.0,14855.0,263.0,636.0,4848.0,1974.0,23139.0,1801.0,7210.0,2378.0,13726.0,209.0,2204.0,1342.0,3611.0,2629.0,13630.0,2708.0,7374.0,835.0,707.0,1775.0,404.0,13121.0,6000.0,170.0,838.0,6934.0,871.0,29,2009
Missouri,5209395.0,147188.0,14701.0,283.0,736.0,4951.0,2031.0,22976.0,1767.0,7598.0,2051.0,12130.0,149.0,2693.0,1704.0,4045.0,2801.0,16056.0,2995.0,7815.0,941.0,792.0,1640.0,747.0,12194.0,5985.0,136.0,928.0,7367.0,848.0,29,2010
Missouri,5231415.0,150245.0,14218.0,214.0,732.0,4560.0,2232.0,23299.0,1838.0,8211.0,1718.0,12878.0,179.0,3225.0,2042.0,4017.0,2741.0,16882.0,3091.0,7236.0,1043.0,944.0,1720.0,801.0,11746.0,6284.0,138.0,916.0,8663.0,1008.0,29,2011
Missouri,5256422.0,147449.0,14457.0,251.0,891.0,4439.0,2224.0,23025.0,1879.0,7905.0,1600.0,13150.0,205.0,3087.0,1941.0,3771.0,2830.0,18053.0,2988.0,7003.0,1086.0,808.0,1758.0,859.0,11702.0,7163.0,70.0,915.0,9603.0,997.0,29,2012
Missouri,5279336.0,148039.0,14500.0,221.0,734.0,4391.0,2653.0,22909.0,1474.0,8678.0,1500.0,13498.0,187.0,3068.0,1813.0,3999.0,3456.0,18808.0,2818.0,6918.0,1095.0,949.0,1512.0,1058.0,12185.0,7256.0,65.0,874.0,9909.0,1203.0,29,2013
Missouri,5306006.0,144376.0,14053.0,174.0,916.0,4096.0,3099.0,22191.0,1323.0,8153.0,1358.0,13127.0,141.0,3133.0,2186.0,4360.0,4293.0,19260.0,2628.0,7505.0,1118.0,1142.0,1047.0,1074.0,12447.0,7344.0,46.0,1131.0,9903.0,1113.0,29,2014
Missouri,5326382.0,145451.0,13099.0,163.0,776.0,3711.0,2841.0,21596.0,1222.0,7731.0,1362.0,11988.0,185.0,2442.0,2709.0,4433.0,3939.0,19979.0,2789.0,6967.0,1036.0,1371.0,1294.0,623.0,12814.0,7525.0,18.0,864.0,10160.0,1202.0,29,2015
Nebraska,1491234.0,100047.0,4030.0,12.0,117.0,943.0,538.0,6233.0,290.0,987.0,1011.0,907.0,40.0,438.0,267.0,920.0,340.0,3597.0,1131.0,980.0,353.0,0.0,456.0,833.0,6224.0,1664.0,27.0,87.0,2969.0,135.0,31,2009
Nebraska,1507705.0,107428.0,4504.0,21.0,201.0,1050.0,630.0,6532.0,324.0,1186.0,1123.0,699.0,20.0,368.0,273.0,1320.0,359.0,4131.0,1265.0,897.0,144.0,0.0,510.0,568.0,6596.0,1690.0,41.0,77.0,3532.0,113.0,31,2010
Nebraska,1515814.0,110871.0,4855.0,80.0,146.0,1117.0,622.0,6225.0,256.0,1408.0,1158.0,675.0,16.0,579.0,426.0,1336.0,360.0,3753.0,1182.0,992.0,91.0,46.0,577.0,417.0,6952.0,1742.0,13.0,50.0,3505.0,130.0,31,2011
Nebraska,1520665.0,116917.0,4898.0,118.0,155.0,1392.0,582.0,5913.0,249.0,1543.0,987.0,589.0,15.0,549.0,347.0,1351.0,428.0,3758.0,1097.0,965.0,106.0,38.0,801.0,517.0,7622.0,1415.0,12.0,42.0,3533.0,213.0,31,2012
Nebraska,1530738.0,119506.0,4801.0,148.0,154.0,1364.0,792.0,5690.0,301.0,1324.0,919.0,556.0,5.0,640.0,275.0,1238.0,389.0,4348.0,1075.0,1160.0,84.0,37.0,835.0,734.0,7616.0,1320.0,5.0,30.0,3553.0,154.0,31,2013
Nebraska,1540977.0,122164.0,4716.0,120.0,77.0,1281.0,825.0,5000.0,302.0,1499.0,812.0,751.0,0.0,715.0,353.0,1343.0,262.0,4133.0,1082.0,1407.0,124.0,95.0,855.0,715.0,7955.0,1152.0,7.0,12.0,4197.0,107.0,31,2014
Nebraska,1551006.0,125200.0,4658.0,99.0,151.0,981.0,1030.0,4672.0,280.0,1321.0,726.0,633.0,0.0,808.0,363.0,1347.0,277.0,4654.0,1177.0,1501.0,167.0,187.0,960.0,763.0,8289.0,1271.0,4.0,11.0,4580.0,128.0,31,2015
North Dakota,566444.0,8886.0,1300.0,7.0,83.0,112.0,86.0,9841.0,24.0,454.0,314.0,954.0,0.0,92.0,0.0,170.0,143.0,1104.0,222.0,194.0,91.0,0.0,43.0,21.0,425.0,469.0,8.0,23.0,428.0,39.0,38,2009
North Dakota,584946.0,8183.0,1068.0,9.0,25.0,134.0,79.0,9798.0,45.0,540.0,338.0,1110.0,0.0,33.0,52.0,142.0,166.0,1169.0,587.0,217.0,116.0,0.0,46.0,61.0,521.0,428.0,71.0,77.0,506.0,39.0,38,2010
North Dakota,590804.0,8029.0,926.0,6.0,32.0,151.0,59.0,9361.0,39.0,727.0,368.0,1065.0,0.0,33.0,83.0,184.0,154.0,1325.0,534.0,156.0,63.0,26.0,77.0,60.0,656.0,473.0,71.0,73.0,649.0,38.0,38,2011
North Dakota,599068.0,8524.0,1073.0,0.0,47.0,214.0,105.0,9167.0,51.0,758.0,308.0,717.0,0.0,28.0,57.0,165.0,156.0,1256.0,351.0,168.0,76.0,15.0,86.0,49.0,766.0,470.0,110.0,80.0,574.0,39.0,38,2012
North Dakota,610268.0,9190.0,894.0,0.0,40.0,246.0,158.0,8541.0,96.0,746.0,185.0,649.0,0.0,46.0,79.0,262.0,196.0,1122.0,391.0,238.0,53.0,11.0,130.0,46.0,819.0,451.0,101.0,94.0,797.0,38.0,38,2013
North Dakota,622371.0,9407.0,1189.0,0.0,50.0,239.0,314.0,8168.0,72.0,645.0,214.0,1042.0,0.0,54.0,94.0,331.0,114.0,1305.0,405.0,321.0,23.0,9.0,156.0,54.0,779.0,444.0,117.0,87.0,848.0,78.0,38,2014
North Dakota,635160.0,10489.0,1165.0,2.0,50.0,285.0,409.0,7672.0,60.0,705.0,297.0,1254.0,0.0,69.0,139.0,508.0,37.0,1380.0,261.0,268.0,21.0,14.0,202.0,7.0,823.0,915.0,74.0,38.0,862.0,52.0,38,2015
Ohio,10111373.0,226766.0,29799.0,935.0,2077.0,20454.0,3207.0,57337.0,11908.0,15223.0,12330.0,13468.0,435.0,3095.0,6621.0,11034.0,4971.0,31938.0,8992.0,9784.0,4812.0,645.0,2472.0,2399.0,10504.0,9598.0,110.0,8400.0,25780.0,3197.0,39,2009
Ohio,10104160.0,236444.0,28917.0,956.0,2436.0,19268.0,3148.0,57217.0,11751.0,15706.0,10986.0,13358.0,477.0,2917.0,7002.0,14096.0,4912.0,34226.0,9044.0,10345.0,4359.0,547.0,2780.0,2460.0,11218.0,10470.0,70.0,8496.0,26762.0,2869.0,39,2010
Ohio,10106940.0,238687.0,29681.0,810.0,2098.0,18880.0,3673.0,58187.0,11072.0,16068.0,10557.0,13636.0,563.0,3302.0,7204.0,14863.0,5111.0,35798.0,9464.0,11080.0,4196.0,537.0,2943.0,2358.0,11332.0,11479.0,45.0,7872.0,29213.0,2827.0,39,2011
Ohio,10111577.0,240062.0,29700.0,770.0,2010.0,18563.0,3515.0,56274.0,10664.0,15835.0,10282.0,13358.0,572.0,3524.0,7706.0,14655.0,5389.0,39014.0,9647.0,11026.0,4427.0,509.0,2788.0,2836.0,11449.0,10981.0,44.0,7767.0,30604.0,2965.0,39,2012
Ohio,10124056.0,241651.0,28349.0,689.0,1800.0,17966.0,3459.0,54215.0,10122.0,16917.0,9504.0,12868.0,482.0,3266.0,7727.0,16159.0,5132.0,41089.0,9510.0,12560.0,3992.0,543.0,2590.0,3287.0,11619.0,10897.0,59.0,7144.0,34277.0,2838.0,39,2013
Ohio,10136912.0,240380.0,27884.0,623.0,2017.0,17139.0,3340.0,51687.0,9683.0,16735.0,9111.0,12903.0,448.0,3795.0,8003.0,16673.0,4786.0,42390.0,9929.0,11690.0,4099.0,446.0,2322.0,2763.0,11403.0,10408.0,73.0,6820.0,37836.0,2892.0,39,2014
Ohio,10150246.0,242988.0,27128.0,518.0,1752.0,15771.0,3797.0,49702.0,9580.0,16594.0,8628.0,12076.0,438.0,4070.0,8393.0,16799.0,4298.0,44367.0,9777.0,12094.0,4436.0,487.0,2526.0,2664.0,11810.0,9789.0,66.0,6399.0,39568.0,2591.0,39,2015
Oklahoma,3068856.0,184973.0,5116.0,57.0,189.0,1368.0,1305.0,10585.0,552.0,2114.0,348.0,141.0,59.0,1766.0,1060.0,1592.0,1596.0,6903.0,2007.0,3718.0,312.0,2299.0,991.0,1552.0,12905.0,3559.0,243.0,221.0,3877.0,491.0,40,2009
Oklahoma,3117161.0,200871.0,5042.0,73.0,215.0,1200.0,953.0,10677.0,551.0,2079.0,361.0,175.0,71.0,1972.0,1162.0,1877.0,1538.0,7587.0,1750.0,4091.0,246.0,2837.0,1308.0,1609.0,14253.0,3362.0,275.0,219.0,3701.0,491.0,40,2010
Oklahoma,3143824.0,208187.0,5253.0,56.0,204.0,1071.0,896.0,10476.0,715.0,1893.0,594.0,191.0,87.0,2108.0,1272.0,1931.0,1378.0,8154.0,1623.0,4258.0,400.0,3655.0,1182.0,1541.0,14185.0,3406.0,166.0,198.0,4028.0,458.0,40,2011
Oklahoma,3166489.0,216510.0,5205.0,51.0,247.0,954.0,909.0,11276.0,791.0,1735.0,753.0,206.0,60.0,2251.0,1019.0,1938.0,1488.0,7896.0,1960.0,4231.0,382.0,3362.0,1065.0,1705.0,14846.0,3090.0,125.0,226.0,4052.0,492.0,40,2012
Oklahoma,3190076.0,224324.0,5126.0,48.0,339.0,1009.0,962.0,10492.0,698.0,1880.0,712.0,286.0,86.0,2148.0,834.0,1899.0,1781.0,8535.0,2007.0,4498.0,404.0,3215.0,991.0,1610.0,15084.0,3381.0,169.0,176.0,4111.0,489.0,40,2013
Oklahoma,3212248.0,230639.0,5615.0,60.0,344.0,879.0,1210.0,9790.0,662.0,2089.0,727.0,346.0,110.0,2315.0,799.0,1851.0,1835.0,8745.0,1931.0,4305.0,392.0,3308.0,1229.0,1733.0,15568.0,3646.0,232.0,126.0,4345.0,635.0,40,2014
Oklahoma,3231650.0,239557.0,5517.0,36.0,437.0,1062.0,1237.0,9234.0,682.0,1961.0,805.0,339.0,99.0,2108.0,799.0,1693.0,1680.0,8810.0,1882.0,4079.0,504.0,3516.0,1097.0,1705.0,16655.0,3720.0,274.0,156.0,5281.0,660.0,40,2015
South Dakota,692700.0,14324.0,794.0,9.0,0.0,150.0,107.0,9857.0,81.0,929.0,62.0,923.0,19.0,25.0,0.0,260.0,22.0,689.0,358.0,331.0,18.0,186.0,121.0,122.0,1102.0,900.0,90.0,55.0,479.0,30.0,46,2009
South Dakota,692504.0,14829.0,973.0,8.0,0.0,135.0,143.0,10359.0,60.0,749.0,75.0,829.0,29.0,20.0,0.0,266.0,31.0,926.0,340.0,442.0,57.0,244.0,158.0,204.0,1076.0,836.0,138.0,46.0,422.0,36.0,46,2010
South Dakota,699573.0,15114.0,1100.0,18.0,0.0,149.0,174.0,8884.0,59.0,1018.0,116.0,765.0,26.0,23.0,98.0,278.0,84.0,947.0,345.0,726.0,58.0,175.0,170.0,177.0,750.0,872.0,75.0,46.0,540.0,67.0,46,2011
South Dakota,707097.0,15333.0,1046.0,15.0,6.0,165.0,222.0,7968.0,74.0,980.0,69.0,809.0,76.0,33.0,54.0,343.0,80.0,1147.0,211.0,627.0,92.0,210.0,98.0,272.0,685.0,501.0,102.0,43.0,648.0,87.0,46,2012
South Dakota,714184.0,16214.0,995.0,18.0,9.0,267.0,219.0,7691.0,48.0,885.0,68.0,676.0,65.0,17.0,100.0,253.0,65.0,1327.0,288.0,600.0,201.0,54.0,224.0,263.0,723.0,534.0,110.0,42.0,712.0,27.0,46,2013
South Dakota,723464.0,16722.0,960.0,17.0,8.0,258.0,180.0,6697.0,31.0,900.0,88.0,643.0,62.0,4.0,104.0,290.0,65.0,1545.0,229.0,588.0,189.0,34.0,176.0,171.0,609.0,664.0,129.0,44.0,687.0,38.0,46,2014
South Dakota,732355.0,16757.0,928.0,19.0,9.0,302.0,144.0,5533.0,33.0,781.0,89.0,741.0,22.0,20.0,97.0,220.0,251.0,1412.0,208.0,530.0,152.0,27.0,180.0,204.0,485.0,876.0,125.0,132.0,713.0,30.0,46,2015
Tennessee,5407573.0,189804.0,12787.0,89.0,1087.0,2597.0,2034.0,14179.0,823.0,4455.0,1472.0,2325.0,225.0,3061.0,3991.0,4560.0,1379.0,12027.0,4370.0,8071.0,1886.0,503.0,1642.0,6320.0,7216.0,5113.0,50.0,546.0,12216.0,802.0,47,2009
Tennessee,5469277.0,212404.0,12442.0,67.0,1017.0,2432.0,1812.0,13922.0,972.0,4147.0,1482.0,2722.0,169.0,2500.0,3785.0,4290.0,1650.0,12731.0,4319.0,8291.0,1762.0,361.0,1760.0,6627.0,7831.0,5439.0,32.0,409.0,11760.0,998.0,47,2010
Tennessee,5514129.0,222601.0,12643.0,36.0,1241.0,2620.0,2323.0,14247.0,901.0,4228.0,1183.0,2630.0,161.0,2776.0,4337.0,4692.0,1745.0,12631.0,4194.0,8442.0,1839.0,191.0,1818.0,6313.0,8924.0,5567.0,38.0,378.0,12037.0,840.0,47,2011
Tennessee,5557499.0,227467.0,12991.0,23.0,1795.0,2490.0,2267.0,14214.0,988.0,4054.0,1252.0,2233.0,209.0,3166.0,4000.0,4819.0,1854.0,12874.0,4178.0,8768.0,1277.0,214.0,1703.0,6134.0,9691.0,5643.0,38.0,395.0,13182.0,1036.0,47,2012
Tennessee,5601411.0,232394.0,11974.0,45.0,1710.0,2482.0,2317.0,13920.0,898.0,4004.0,1294.0,2490.0,250.0,2935.0,4454.0,5122.0,1712.0,13150.0,3845.0,8831.0,1364.0,208.0,1445.0,5544.0,10539.0,5921.0,32.0,512.0,16535.0,1042.0,47,2013
Tennessee,5640659.0,238187.0,11954.0,53.0,1575.0,2748.0,2520.0,13747.0,892.0,4215.0,1100.0,2071.0,294.0,3274.0,4584.0,5533.0,2248.0,13212.0,4148.0,8177.0,1629.0,344.0,1205.0,5484.0,10402.0,6507.0,24.0,539.0,18451.0,854.0,47,2014
Tennessee,5679463.0,241451.0,12322.0,77.0,1728.0,2643.0,2405.0,13446.0,833.0,4099.0,1067.0,1498.0,289.0,3113.0,4724.0,5992.0,2183.0,13494.0,3920.0,8300.0,1772.0,195.0,1429.0,6230.0,10669.0,6675.0,47.0,578.0,20840.0,737.0,47,2015
Wisconsin,4814711.0,220307.0,12434.0,258.0,387.0,5938.0,1183.0,38242.0,2771.0,6157.0,9321.0,5166.0,251.0,806.0,1555.0,4185.0,2271.0,11789.0,2211.0,4411.0,668.0,35277.0,1425.0,4448.0,2996.0,4290.0,41.0,553.0,4690.0,842.0,55,2009
Wisconsin,4838913.0,234062.0,12437.0,268.0,322.0,5561.0,1283.0,37092.0,2949.0,6402.0,8906.0,5170.0,216.0,903.0,1505.0,4356.0,2664.0,12260.0,2023.0,4737.0,818.0,37822.0,1251.0,5231.0,2943.0,4407.0,43.0,513.0,4876.0,776.0,55,2010
Wisconsin,4857740.0,237179.0,12244.0,264.0,263.0,5665.0,1211.0,37306.0,2957.0,6147.0,8108.0,5084.0,220.0,935.0,1670.0,4529.0,2972.0,13524.0,1850.0,4736.0,867.0,38762.0,1109.0,5105.0,2941.0,4817.0,96.0,503.0,5467.0,794.0,55,2011
Wisconsin,4875535.0,239386.0,12196.0,242.0,187.0,5391.0,1397.0,36704.0,2664.0,6100.0,7742.0,5227.0,268.0,790.0,1429.0,4990.0,3136.0,14397.0,1835.0,4649.0,608.0,39873.0,979.0,4989.0,3126.0,4926.0,98.0,491.0,5537.0,1016.0,55,2012
Wisconsin,4893195.0,243560.0,12509.0,178.0,254.0,4940.0,1347.0,36443.0,2372.0,5758.0,6894.0,4915.0,257.0,870.0,1521.0,4831.0,3188.0,14822.0,1937.0,4467.0,822.0,40985.0,859.0,4733.0,3688.0,4866.0,113.0,544.0,6324.0,1077.0,55,2013
Wisconsin,4913456.0,244599.0,10838.0,226.0,214.0,4457.0,1606.0,36392.0,2185.0,5407.0,6661.0,5069.0,328.0,869.0,1194.0,5642.0,3569.0,15191.0,2077.0,4256.0,925.0,42865.0,1000.0,3478.0,4050.0,4858.0,95.0,582.0,6913.0,905.0,55,2014
Wisconsin,4929161.0,246853.0,10425.0,200.0,224.0,4230.0,1716.0,35053.0,2036.0,5169.0,6420.0,4628.0,347.0,1022.0,1225.0,5844.0,3740.0,15684.0,2294.0,4329.0,899.0,44895.0,1035.0,2740.0,4166.0,5073.0,78.0,610.0,6974.0,836.0,55,2015
